[{"name":"2020/2021","competitorsIds":["AUT-M-Haagen-David#0","AUT-M-Leitner-Clemens#0","AUT-M-Hoerl-Jan#0","AUT-M-Aschenwald-Philipp#0","AUT-M-Kahofer-Timon-Pascal#0","AUT-M-Kraft-Stefan#0","AUT-M-Rainer-Stefan#0","AUT-M-Huber-Daniel#0","AUT-M-Schiffner-Markus#0","AUT-M-Hayboeck-Michael#0","AUT-M-Schlierenzauer-Gregor#0","AUT-M-Fettner-Manuel#0","AUT-M-Lackner-Thomas#0","AUT-M-Steiner-Maximilian#0","AUT-M-Tschofenig-Daniel#0","AUT-M-Woergoetter-Marco#0","AUT-M-Bachlinger-Niklas#0","AUT-M-Wohlgenannt-Ulrich#0","AUT-M-Medwed-Elias#0","BUL-M-Zografski-Vladimir#0","CAN-M-Boyd-Clowes-Mackenzie#0","CAN-M-Soukup-Matthew#0","CZE-M-Polasek-Viktor#0","CZE-M-Sakala-Filip#0","CZE-M-Stursa-Vojtech#0","CZE-M-Kozisek-Cestmir#0","CZE-M-Koudelka-Roman#0","EST-M-Aigro-Artti#0","EST-M-Maltsev-Kevin#0","FIN-M-Kytosaho-Niko#0","FIN-M-Alamommo-Andreas#0","FIN-M-Nousiainen-Eetu#0","FIN-M-Aalto-Antti#0","FIN-M-Maatta-Jarkko#0","FIN-M-Ahonen-Mico#0","FIN-M-Pohjola-Arttu#0","FIN-M-Vetelainen-Jonne#0","FRA-M-Foubert-Valentin#0","FRA-M-Contamine-Mathis#0","FRA-M-Batby-Alessandro#0","GER-M-Schmid-Constantin#0","GER-M-Baer-Moritz#0","GER-M-Siegel-David#0","GER-M-Wellinger-Andreas#0","GER-M-Geiger-Karl#0","GER-M-Freitag-Richard#0","GER-M-Eisenbichler-Markus#0","GER-M-Paschke-Pius#0","GER-M-Freund-Severin#0","GER-M-Hamann-Martin#0","GER-M-Maerkl-Kilian#0","GER-M-Roth-Luca#0","ITA-M-Insam-Alex#0","ITA-M-Moroder-Daniel#0","ITA-M-Bresadola-Giovanni#0","JPN-M-Iwasa-Yuken#0","JPN-M-Sato-Keiichi#0","JPN-M-Kobayashi-Ryoyu#0","JPN-M-Nakamura-Naoki#0","JPN-M-Sato-Yukiya#0","JPN-M-Kobayashi-Junshiro#0","JPN-M-Ito-Daiki#0","KAZ-M-Tkachenko-Sergey#0","KAZ-M-Muminov-Sabirzhan#0","KAZ-M-Vassilyev-Danil#0","NOR-M-Markeng-Thomas_Aasen#0","NOR-M-Lindvik-Marius#0","NOR-M-Pedersen-Robin#0","NOR-M-Granerud-Halvor_Egner#0","NOR-M-Forfang-Johann_Andre#0","NOR-M-Tande-Daniel_Andre#0","NOR-M-Johansson-Robert#0","NOR-M-Eriksen-Sander_Vossan#0","NOR-M-Haare-Anders#0","NOR-M-Oestvold-Benjamin#0","POL-M-Pilch-Tomasz#0","POL-M-Krzak-Jaroslaw#0","POL-M-Wasek-Pawel#0","POL-M-Stekala-Andrzej#0","POL-M-Wolny-Jakub#0","POL-M-Muranka-Klemens#0","POL-M-Zniszczol-Aleksander#0","POL-M-Kot-Maciej#0","POL-M-Kubacki-Dawid#0","POL-M-Stoch-Kamil#0","POL-M-Zyla-Piotr#0","POL-M-Hula-Stefan#0","ROU-M-Cacina-Daniel_Andrei#0","RUS-M-Hazetdinov-Ilmir#0","RUS-M-Shishkin-Vadim#0","RUS-M-Nazarov-Mikhail#0","RUS-M-Klimov-Evgeniy#0","RUS-M-Sadreev-Danil#0","RUS-M-Matavin-Nikolai#0","RUS-M-Trofimov-Roman_Sergeevich#0","RUS-M-Maksimochkin-Mikhail#0","RUS-M-Kornilov-Denis#0","RUS-M-Mankov-Ilja#0","RUS-M-Kolobov-Maksim#0","RUS-M-Purtov-Mikhail#0","SLO-M-Grilc-Tjas#0","SLO-M-Mogel-Zak#0","SLO-M-Zajc-Timi#0","SLO-M-Prevc-Domen#0","SLO-M-Pavlovcic-Bor#0","SLO-M-Jelar-Ziga#0","SLO-M-Bartol-Tilen#0","SLO-M-Lanisek-Anze#0","SLO-M-Kos-Lovro#0","SLO-M-Semenic-Anze#0","SLO-M-Prevc-Peter#0","SLO-M-Prevc-Cene#0","SLO-M-Justin-Rok#0","SLO-M-Hafnar-Mark#0","SLO-M-Presecnik-Jernej#0","SUI-M-Peter-Dominik#0","SUI-M-Hauswirth-Sandro#0","SUI-M-Schuler-Andreas#0","SUI-M-Deschwanden-Gregor#0","SUI-M-Ammann-Simon#0","UKR-M-Marusiak-Yevhen#0","UKR-M-Kaliniczenko-Vitalij#0","USA-M-Gasienica-Patrick#0","USA-M-Larson-Casey#0","USA-M-Urlaub-Andrew#0","USA-M-Dean-Decker#0"],"teams":[{"teamName":"Austria","countryCode":"AUT","competitorsIds":["AUT-M-Haagen-David#0","AUT-M-Leitner-Clemens#0","AUT-M-Hoerl-Jan#0","AUT-M-Aschenwald-Philipp#0","AUT-M-Kahofer-Timon-Pascal#0","AUT-M-Kraft-Stefan#0","AUT-M-Rainer-Stefan#0","AUT-M-Huber-Daniel#0","AUT-M-Schiffner-Markus#0","AUT-M-Hayboeck-Michael#0","AUT-M-Schlierenzauer-Gregor#0","AUT-M-Fettner-Manuel#0","AUT-M-Lackner-Thomas#0","AUT-M-Steiner-Maximilian#0","AUT-M-Tschofenig-Daniel#0","AUT-M-Woergoetter-Marco#0","AUT-M-Bachlinger-Niklas#0","AUT-M-Wohlgenannt-Ulrich#0","AUT-M-Medwed-Elias#0"]},{"teamName":"Bulgaria","countryCode":"BUL","competitorsIds":["BUL-M-Zografski-Vladimir#0"]},{"teamName":"Canada","countryCode":"CAN","competitorsIds":["CAN-M-Boyd-Clowes-Mackenzie#0","CAN-M-Soukup-Matthew#0"]},{"teamName":"Czech Republic","countryCode":"CZE","competitorsIds":["CZE-M-Polasek-Viktor#0","CZE-M-Sakala-Filip#0","CZE-M-Stursa-Vojtech#0","CZE-M-Kozisek-Cestmir#0","CZE-M-Koudelka-Roman#0"]},{"teamName":"Estonia","countryCode":"EST","competitorsIds":["EST-M-Aigro-Artti#0","EST-M-Maltsev-Kevin#0"]},{"teamName":"Finland","countryCode":"FIN","competitorsIds":["FIN-M-Kytosaho-Niko#0","FIN-M-Alamommo-Andreas#0","FIN-M-Nousiainen-Eetu#0","FIN-M-Aalto-Antti#0","FIN-M-Maatta-Jarkko#0","FIN-M-Ahonen-Mico#0","FIN-M-Pohjola-Arttu#0","FIN-M-Vetelainen-Jonne#0"]},{"teamName":"France","countryCode":"FRA","competitorsIds":["FRA-M-Foubert-Valentin#0","FRA-M-Contamine-Mathis#0","FRA-M-Batby-Alessandro#0"]},{"teamName":"Germany","countryCode":"GER","competitorsIds":["GER-M-Schmid-Constantin#0","GER-M-Baer-Moritz#0","GER-M-Siegel-David#0","GER-M-Wellinger-Andreas#0","GER-M-Geiger-Karl#0","GER-M-Freitag-Richard#0","GER-M-Eisenbichler-Markus#0","GER-M-Paschke-Pius#0","GER-M-Freund-Severin#0","GER-M-Hamann-Martin#0","GER-M-Maerkl-Kilian#0","GER-M-Roth-Luca#0"]},{"teamName":"Italy","countryCode":"ITA","competitorsIds":["ITA-M-Insam-Alex#0","ITA-M-Moroder-Daniel#0","ITA-M-Bresadola-Giovanni#0"]},{"teamName":"Japan","countryCode":"JPN","competitorsIds":["JPN-M-Iwasa-Yuken#0","JPN-M-Sato-Keiichi#0","JPN-M-Kobayashi-Ryoyu#0","JPN-M-Nakamura-Naoki#0","JPN-M-Sato-Yukiya#0","JPN-M-Kobayashi-Junshiro#0","JPN-M-Ito-Daiki#0"]},{"teamName":"Kazakhstan","countryCode":"KAZ","competitorsIds":["KAZ-M-Tkachenko-Sergey#0","KAZ-M-Muminov-Sabirzhan#0","KAZ-M-Vassilyev-Danil#0"]},{"teamName":"Norway","countryCode":"NOR","competitorsIds":["NOR-M-Markeng-Thomas_Aasen#0","NOR-M-Lindvik-Marius#0","NOR-M-Pedersen-Robin#0","NOR-M-Granerud-Halvor_Egner#0","NOR-M-Forfang-Johann_Andre#0","NOR-M-Tande-Daniel_Andre#0","NOR-M-Johansson-Robert#0","NOR-M-Eriksen-Sander_Vossan#0","NOR-M-Haare-Anders#0","NOR-M-Oestvold-Benjamin#0"]},{"teamName":"Poland","countryCode":"POL","competitorsIds":["POL-M-Pilch-Tomasz#0","POL-M-Krzak-Jaroslaw#0","POL-M-Wasek-Pawel#0","POL-M-Stekala-Andrzej#0","POL-M-Wolny-Jakub#0","POL-M-Muranka-Klemens#0","POL-M-Zniszczol-Aleksander#0","POL-M-Kot-Maciej#0","POL-M-Kubacki-Dawid#0","POL-M-Stoch-Kamil#0","POL-M-Zyla-Piotr#0","POL-M-Hula-Stefan#0"]},{"teamName":"Romania","countryCode":"ROU","competitorsIds":["ROU-M-Cacina-Daniel_Andrei#0"]},{"teamName":"Russian Federation","countryCode":"RUS","competitorsIds":["RUS-M-Hazetdinov-Ilmir#0","RUS-M-Shishkin-Vadim#0","RUS-M-Nazarov-Mikhail#0","RUS-M-Klimov-Evgeniy#0","RUS-M-Sadreev-Danil#0","RUS-M-Matavin-Nikolai#0","RUS-M-Trofimov-Roman_Sergeevich#0","RUS-M-Maksimochkin-Mikhail#0","RUS-M-Kornilov-Denis#0","RUS-M-Mankov-Ilja#0","RUS-M-Kolobov-Maksim#0","RUS-M-Purtov-Mikhail#0"]},{"teamName":"Slovenia","countryCode":"SLO","competitorsIds":["SLO-M-Grilc-Tjas#0","SLO-M-Mogel-Zak#0","SLO-M-Zajc-Timi#0","SLO-M-Prevc-Domen#0","SLO-M-Pavlovcic-Bor#0","SLO-M-Jelar-Ziga#0","SLO-M-Bartol-Tilen#0","SLO-M-Lanisek-Anze#0","SLO-M-Kos-Lovro#0","SLO-M-Semenic-Anze#0","SLO-M-Prevc-Peter#0","SLO-M-Prevc-Cene#0","SLO-M-Justin-Rok#0","SLO-M-Hafnar-Mark#0","SLO-M-Presecnik-Jernej#0"]},{"teamName":"Switzerland","countryCode":"SUI","competitorsIds":["SUI-M-Peter-Dominik#0","SUI-M-Hauswirth-Sandro#0","SUI-M-Schuler-Andreas#0","SUI-M-Deschwanden-Gregor#0","SUI-M-Ammann-Simon#0"]},{"teamName":"Ukraine","countryCode":"UKR","competitorsIds":["UKR-M-Marusiak-Yevhen#0","UKR-M-Kaliniczenko-Vitalij#0"]},{"teamName":"United States","countryCode":"USA","competitorsIds":["USA-M-Gasienica-Patrick#0","USA-M-Larson-Casey#0","USA-M-Urlaub-Andrew#0","USA-M-Dean-Decker#0"]}],"classifications":[{"name":"World Cup","eventType":"Individual","classificationType":"Place","teamClassificationLimitType":0,"teamCompetitorsLimit":0,"medalPlaces":3,"events":[],"pointsTables":[{"name":"World Cup","value":[100,80,60,50,45,40,36,32,29,26,24,22,20,18,16,15,14,13,12,11,10,9,8,7,6,5,4,3,2,1]}],"leaderBibColor":"ffcc44"},{"name":"Nations Cup","eventType":"Team","classificationType":"Place","teamClassificationLimitType":0,"teamCompetitorsLimit":0,"medalPlaces":0,"events":[],"pointsTables":[{"name":"World Cup","value":[100,80,60,50,45,40,36,32,29,26,24,22,20,18,16,15,14,13,12,11,10,9,8,7,6,5,4,3,2,1]},{"name":"Nations Cup","value":[400,350,300,250,200,150,100,50]}],"leaderBibColor":"ffcc44"},{"name":"Ski Flying World Cup","eventType":"Individual","classificationType":"Place","teamClassificationLimitType":0,"teamCompetitorsLimit":0,"medalPlaces":0,"events":[],"pointsTables":[{"name":"World Cup","value":[100,80,60,50,45,40,36,32,29,26,24,22,20,18,16,15,14,13,12,11,10,9,8,7,6,5,4,3,2,1]}],"leaderBibColor":"ddff66"},{"name":"Ski Flying World Championships 2022","eventType":"Individual","classificationType":"Medal","teamClassificationLimitType":0,"teamCompetitorsLimit":0,"medalPlaces":3,"events":[],"pointsTables":[{"name":"World Cup","value":[100,80,60,50,45,40,36,32,29,26,24,22,20,18,16,15,14,13,12,11,10,9,8,7,6,5,4,3,2,1]}],"leaderBibColor":"ffcc66"},{"name":"Four Hills Tournament","eventType":"Individual","classificationType":"Points","teamClassificationLimitType":0,"teamCompetitorsLimit":0,"medalPlaces":0,"events":[],"pointsTables":[{"name":"World Cup","value":[100,80,60,50,45,40,36,32,29,26,24,22,20,18,16,15,14,13,12,11,10,9,8,7,6,5,4,3,2,1]}],"leaderBibColor":"cccc77"},{"name":"Olimpic Games Beijing 2022 Men Individual Normal Hill","eventType":"Individual","classificationType":"Medal","teamClassificationLimitType":0,"teamCompetitorsLimit":0,"medalPlaces":3,"events":[],"pointsTables":[{"name":"World Cup","value":[100,80,60,50,45,40,36,32,29,26,24,22,20,18,16,15,14,13,12,11,10,9,8,7,6,5,4,3,2,1]}],"leaderBibColor":"ffcc66"},{"name":"Olimpic Games Beijing 2022 Men Team","eventType":"Team","classificationType":"Medal","teamClassificationLimitType":0,"teamCompetitorsLimit":0,"medalPlaces":3,"events":[],"pointsTables":[{"name":"World Cup","value":[100,80,60,50,45,40,36,32,29,26,24,22,20,18,16,15,14,13,12,11,10,9,8,7,6,5,4,3,2,1]},{"name":"Nations Cup","value":[400,350,300,250,200,150,100,50]}],"leaderBibColor":"ffcc66"},{"name":"Olimpic Games Beijing 2022 Men Individual Large Hill","eventType":"Individual","classificationType":"Medal","teamClassificationLimitType":0,"teamCompetitorsLimit":0,"medalPlaces":3,"events":[],"pointsTables":[{"name":"World Cup","value":[100,80,60,50,45,40,36,32,29,26,24,22,20,18,16,15,14,13,12,11,10,9,8,7,6,5,4,3,2,1]}],"leaderBibColor":"ffcc66"},{"name":"Planica 7","eventType":"Individual","classificationType":"Points","teamClassificationLimitType":0,"teamCompetitorsLimit":0,"medalPlaces":0,"events":[],"pointsTables":[{"name":"World Cup","value":[100,80,60,50,45,40,36,32,29,26,24,22,20,18,16,15,14,13,12,11,10,9,8,7,6,5,4,3,2,1]}],"leaderBibColor":"999999"},{"name":"Raw Air","eventType":"Individual","classificationType":"Points","teamClassificationLimitType":0,"teamCompetitorsLimit":0,"medalPlaces":0,"events":[],"pointsTables":[{"name":"World Cup","value":[100,80,60,50,45,40,36,32,29,26,24,22,20,18,16,15,14,13,12,11,10,9,8,7,6,5,4,3,2,1]}],"leaderBibColor":"999999"}],"events":[{"classifications":[],"eventType":"Individual","hillId":"Nizhny Tagil HS134","hillSurface":"Snow","id":0,"roundInfos":{"name":"Qualification","roundInfos":[{"roundType":"Normal","outLimitType":"Normal","outLimit":50,"useOrdRank":[false,false,false,false],"disableJudgesMarks":false,"has95Rule":true,"reversedBibs":false,"reassignBibs":false,"gateCompensation":true,"windCompensation":true}]},"ordRankType":"Classification","ordRankId":0,"qualRankType":"None","qualRankId":0,"inLimitType":"None","inLimit":0,"preQualRankType":"None","preQualRankId":0,"preQualLimitType":"None","preQualLimit":0},{"classifications":[0,1],"eventType":"Individual","hillId":"Nizhny Tagil HS134","hillSurface":"Snow","id":1,"roundInfos":{"name":"Individual2Rounds","roundInfos":[{"roundType":"Normal","outLimitType":"Normal","outLimit":30,"useOrdRank":[false,false,false,false],"disableJudgesMarks":false,"has95Rule":true,"reversedBibs":false,"reassignBibs":false,"gateCompensation":true,"windCompensation":true},{"roundType":"Normal","outLimitType":"None","outLimit":-1,"useOrdRank":[false,false,false,false],"disableJudgesMarks":false,"has95Rule":true,"reversedBibs":false,"reassignBibs":false,"gateCompensation":true,"windCompensation":true}]},"ordRankType":"Classification","ordRankId":0,"qualRankType":"Event","qualRankId":6,"inLimitType":"None","inLimit":0,"preQualRankType":"None","preQualRankId":0,"preQualLimitType":"None","preQualLimit":0},{"classifications":[0,1],"eventType":"Individual","hillId":"Nizhny Tagil HS134","hillSurface":"Snow","id":2,"roundInfos":{"name":"Individual2Rounds","roundInfos":[{"roundType":"Normal","outLimitType":"Normal","outLimit":30,"useOrdRank":[false,false,false,false],"disableJudgesMarks":false,"has95Rule":true,"reversedBibs":false,"reassignBibs":false,"gateCompensation":true,"windCompensation":true},{"roundType":"Normal","outLimitType":"None","outLimit":-1,"useOrdRank":[false,false,false,false],"disableJudgesMarks":false,"has95Rule":true,"reversedBibs":false,"reassignBibs":false,"gateCompensation":true,"windCompensation":true}]},"ordRankType":"Classification","ordRankId":0,"qualRankType":"Event","qualRankId":0,"inLimitType":"None","inLimit":0,"preQualRankType":"None","preQualRankId":0,"preQualLimitType":"None","preQualLimit":0},{"classifications":[],"eventType":"Individual","hillId":"Kuusamo HS142","hillSurface":"Snow","id":3,"roundInfos":{"name":"Qualification","roundInfos":[{"roundType":"Normal","outLimitType":"Normal","outLimit":50,"useOrdRank":[false,false,false,false],"disableJudgesMarks":false,"has95Rule":true,"reversedBibs":false,"reassignBibs":false,"gateCompensation":true,"windCompensation":true}]},"ordRankType":"Classification","ordRankId":0,"qualRankType":"None","qualRankId":0,"inLimitType":"None","inLimit":0,"preQualRankType":"None","preQualRankId":0,"preQualLimitType":"None","preQualLimit":0},{"classifications":[0,1],"eventType":"Individual","hillId":"Kuusamo HS142","hillSurface":"Snow","id":4,"roundInfos":{"name":"Individual2Rounds","roundInfos":[{"roundType":"Normal","outLimitType":"Normal","outLimit":30,"useOrdRank":[false,false,false,false],"disableJudgesMarks":false,"has95Rule":true,"reversedBibs":false,"reassignBibs":false,"gateCompensation":true,"windCompensation":true},{"roundType":"Normal","outLimitType":"None","outLimit":-1,"useOrdRank":[false,false,false,false],"disableJudgesMarks":false,"has95Rule":true,"reversedBibs":false,"reassignBibs":false,"gateCompensation":true,"windCompensation":true}]},"ordRankType":"Classification","ordRankId":0,"qualRankType":"Event","qualRankId":3,"inLimitType":"None","inLimit":0,"preQualRankType":"None","preQualRankId":0,"preQualLimitType":"None","preQualLimit":0},{"classifications":[0,1],"eventType":"Individual","hillId":"Kuusamo HS142","hillSurface":"Snow","id":5,"roundInfos":{"name":"Individual2Rounds","roundInfos":[{"roundType":"Normal","outLimitType":"Normal","outLimit":30,"useOrdRank":[false,false,false,false],"disableJudgesMarks":false,"has95Rule":true,"reversedBibs":false,"reassignBibs":false,"gateCompensation":true,"windCompensation":true},{"roundType":"Normal","outLimitType":"None","outLimit":-1,"useOrdRank":[false,false,false,false],"disableJudgesMarks":false,"has95Rule":true,"reversedBibs":false,"reassignBibs":false,"gateCompensation":true,"windCompensation":true}]},"ordRankType":"Classification","ordRankId":0,"qualRankType":"Event","qualRankId":3,"inLimitType":"None","inLimit":0,"preQualRankType":"None","preQualRankId":0,"preQualLimitType":"None","preQualLimit":0},{"classifications":[],"eventType":"Individual","hillId":"Wisla HS134","hillSurface":"Snow","id":6,"roundInfos":{"name":"Qualification","roundInfos":[{"roundType":"Normal","outLimitType":"Normal","outLimit":50,"useOrdRank":[false,false,false,false],"disableJudgesMarks":false,"has95Rule":true,"reversedBibs":false,"reassignBibs":false,"gateCompensation":true,"windCompensation":true}]},"ordRankType":"Classification","ordRankId":0,"qualRankType":"None","qualRankId":0,"inLimitType":"None","inLimit":0,"preQualRankType":"None","preQualRankId":0,"preQualLimitType":"None","preQualLimit":0},{"classifications":[1],"eventType":"Team","hillId":"Wisla HS134","hillSurface":"Snow","id":7,"roundInfos":{"name":"Team2Rounds","roundInfos":[{"roundType":"Normal","outLimitType":"Normal","outLimit":8,"useOrdRank":[true,true,true,true],"disableJudgesMarks":false,"has95Rule":true,"reversedBibs":false,"reassignBibs":false,"gateCompensation":true,"windCompensation":true},{"roundType":"Normal","outLimitType":"None","outLimit":-1,"useOrdRank":[true,true,true,false],"disableJudgesMarks":false,"has95Rule":true,"reversedBibs":false,"reassignBibs":false,"gateCompensation":true,"windCompensation":true}]},"ordRankType":"Classification","ordRankId":1,"qualRankType":"None","qualRankId":0,"inLimitType":"None","inLimit":0,"preQualRankType":"None","preQualRankId":0,"preQualLimitType":"None","preQualLimit":0},{"classifications":[0,1],"eventType":"Individual","hillId":"Wisla HS134","hillSurface":"Snow","id":8,"roundInfos":{"name":"Individual2Rounds","roundInfos":[{"roundType":"Normal","outLimitType":"Normal","outLimit":30,"useOrdRank":[false,false,false,false],"disableJudgesMarks":false,"has95Rule":true,"reversedBibs":false,"reassignBibs":false,"gateCompensation":true,"windCompensation":true},{"roundType":"Normal","outLimitType":"None","outLimit":-1,"useOrdRank":[false,false,false,false],"disableJudgesMarks":false,"has95Rule":true,"reversedBibs":false,"reassignBibs":false,"gateCompensation":true,"windCompensation":true}]},"ordRankType":"Classification","ordRankId":0,"qualRankType":"Event","qualRankId":6,"inLimitType":"None","inLimit":0,"preQualRankType":"None","preQualRankId":0,"preQualLimitType":"None","preQualLimit":0},{"classifications":[],"eventType":"Individual","hillId":"Klingenthal HS140","hillSurface":"Snow","id":9,"roundInfos":{"name":"Qualification","roundInfos":[{"roundType":"Normal","outLimitType":"Normal","outLimit":50,"useOrdRank":[false,false,false,false],"disableJudgesMarks":false,"has95Rule":true,"reversedBibs":false,"reassignBibs":false,"gateCompensation":true,"windCompensation":true}]},"ordRankType":"Classification","ordRankId":0,"qualRankType":"None","qualRankId":0,"inLimitType":"None","inLimit":0,"preQualRankType":"None","preQualRankId":0,"preQualLimitType":"None","preQualLimit":0},{"classifications":[0,1],"eventType":"Individual","hillId":"Klingenthal HS140","hillSurface":"Snow","id":10,"roundInfos":{"name":"Individual2Rounds","roundInfos":[{"roundType":"Normal","outLimitType":"Normal","outLimit":30,"useOrdRank":[false,false,false,false],"disableJudgesMarks":false,"has95Rule":true,"reversedBibs":false,"reassignBibs":false,"gateCompensation":true,"windCompensation":true},{"roundType":"Normal","outLimitType":"None","outLimit":-1,"useOrdRank":[false,false,false,false],"disableJudgesMarks":false,"has95Rule":true,"reversedBibs":false,"reassignBibs":false,"gateCompensation":true,"windCompensation":true}]},"ordRankType":"Classification","ordRankId":0,"qualRankType":"Event","qualRankId":9,"inLimitType":"None","inLimit":0,"preQualRankType":"None","preQualRankId":0,"preQualLimitType":"None","preQualLimit":0},{"classifications":[0,1],"eventType":"Individual","hillId":"Klingenthal HS140","hillSurface":"Snow","id":11,"roundInfos":{"name":"Individual2Rounds","roundInfos":[{"roundType":"Normal","outLimitType":"Normal","outLimit":30,"useOrdRank":[false,false,false,false],"disableJudgesMarks":false,"has95Rule":true,"reversedBibs":false,"reassignBibs":false,"gateCompensation":true,"windCompensation":true},{"roundType":"Normal","outLimitType":"None","outLimit":-1,"useOrdRank":[false,false,false,false],"disableJudgesMarks":false,"has95Rule":true,"reversedBibs":false,"reassignBibs":false,"gateCompensation":true,"windCompensation":true}]},"ordRankType":"Classification","ordRankId":0,"qualRankType":"Event","qualRankId":9,"inLimitType":"None","inLimit":0,"preQualRankType":"None","preQualRankId":0,"preQualLimitType":"None","preQualLimit":0},{"classifications":[],"eventType":"Individual","hillId":"Engelberg HS140","hillSurface":"Snow","id":12,"roundInfos":{"name":"Qualification","roundInfos":[{"roundType":"Normal","outLimitType":"Normal","outLimit":50,"useOrdRank":[false,false,false,false],"disableJudgesMarks":false,"has95Rule":true,"reversedBibs":false,"reassignBibs":false,"gateCompensation":true,"windCompensation":true}]},"ordRankType":"Classification","ordRankId":0,"qualRankType":"None","qualRankId":0,"inLimitType":"None","inLimit":0,"preQualRankType":"None","preQualRankId":0,"preQualLimitType":"None","preQualLimit":0},{"classifications":[0,1],"eventType":"Individual","hillId":"Engelberg HS140","hillSurface":"Snow","id":13,"roundInfos":{"name":"Individual2Rounds","roundInfos":[{"roundType":"Normal","outLimitType":"Normal","outLimit":30,"useOrdRank":[false,false,false,false],"disableJudgesMarks":false,"has95Rule":true,"reversedBibs":false,"reassignBibs":false,"gateCompensation":true,"windCompensation":true},{"roundType":"Normal","outLimitType":"None","outLimit":-1,"useOrdRank":[false,false,false,false],"disableJudgesMarks":false,"has95Rule":true,"reversedBibs":false,"reassignBibs":false,"gateCompensation":true,"windCompensation":true}]},"ordRankType":"Classification","ordRankId":0,"qualRankType":"Event","qualRankId":12,"inLimitType":"None","inLimit":0,"preQualRankType":"None","preQualRankId":0,"preQualLimitType":"None","preQualLimit":0},{"classifications":[0,1],"eventType":"Individual","hillId":"Engelberg HS140","hillSurface":"Snow","id":14,"roundInfos":{"name":"Individual2Rounds","roundInfos":[{"roundType":"Normal","outLimitType":"Normal","outLimit":30,"useOrdRank":[false,false,false,false],"disableJudgesMarks":false,"has95Rule":true,"reversedBibs":false,"reassignBibs":false,"gateCompensation":true,"windCompensation":true},{"roundType":"Normal","outLimitType":"None","outLimit":-1,"useOrdRank":[false,false,false,false],"disableJudgesMarks":false,"has95Rule":true,"reversedBibs":false,"reassignBibs":false,"gateCompensation":true,"windCompensation":true}]},"ordRankType":"Classification","ordRankId":0,"qualRankType":"Event","qualRankId":12,"inLimitType":"None","inLimit":0,"preQualRankType":"None","preQualRankId":0,"preQualLimitType":"None","preQualLimit":0},{"classifications":[],"eventType":"Individual","hillId":"Oberstdorf HS137","hillSurface":"Snow","id":15,"roundInfos":{"name":"QualificationKO","roundInfos":[{"roundType":"Normal","outLimitType":"Exact","outLimit":50,"useOrdRank":[false,false,false,false],"disableJudgesMarks":false,"has95Rule":true,"reversedBibs":false,"reassignBibs":false,"gateCompensation":true,"windCompensation":true}]},"ordRankType":"Classification","ordRankId":0,"qualRankType":"None","qualRankId":0,"inLimitType":"None","inLimit":0,"preQualRankType":"None","preQualRankId":0,"preQualLimitType":"None","preQualLimit":0},{"classifications":[0,1,4],"eventType":"Individual","hillId":"Oberstdorf HS137","hillSurface":"Snow","id":16,"roundInfos":{"name":"IndividualKO","roundInfos":[{"roundType":"KO","outLimitType":"Normal","outLimit":30,"useOrdRank":[false,false,false,false],"disableJudgesMarks":false,"has95Rule":true,"reversedBibs":true,"reassignBibs":false,"gateCompensation":true,"windCompensation":true},{"roundType":"Normal","outLimitType":"None","outLimit":-1,"useOrdRank":[false,false,false,false],"disableJudgesMarks":false,"has95Rule":true,"reversedBibs":true,"reassignBibs":false,"gateCompensation":true,"windCompensation":true}]},"ordRankType":"Classification","ordRankId":0,"qualRankType":"Event","qualRankId":15,"inLimitType":"None","inLimit":0,"preQualRankType":"None","preQualRankId":0,"preQualLimitType":"None","preQualLimit":0},{"classifications":[],"eventType":"Individual","hillId":"Garmisch-Partenkirchen HS142","hillSurface":"Snow","id":17,"roundInfos":{"name":"QualificationKO","roundInfos":[{"roundType":"Normal","outLimitType":"Exact","outLimit":50,"useOrdRank":[false,false,false,false],"disableJudgesMarks":false,"has95Rule":true,"reversedBibs":false,"reassignBibs":false,"gateCompensation":true,"windCompensation":true}]},"ordRankType":"Classification","ordRankId":0,"qualRankType":"None","qualRankId":0,"inLimitType":"None","inLimit":0,"preQualRankType":"None","preQualRankId":0,"preQualLimitType":"None","preQualLimit":0},{"classifications":[0,1,4],"eventType":"Individual","hillId":"Garmisch-Partenkirchen HS142","hillSurface":"Snow","id":18,"roundInfos":{"name":"IndividualKO","roundInfos":[{"roundType":"KO","outLimitType":"Normal","outLimit":30,"useOrdRank":[false,false,false,false],"disableJudgesMarks":false,"has95Rule":true,"reversedBibs":true,"reassignBibs":false,"gateCompensation":true,"windCompensation":true},{"roundType":"Normal","outLimitType":"None","outLimit":-1,"useOrdRank":[false,false,false,false],"disableJudgesMarks":false,"has95Rule":true,"reversedBibs":true,"reassignBibs":false,"gateCompensation":true,"windCompensation":true}]},"ordRankType":"Classification","ordRankId":0,"qualRankType":"Event","qualRankId":17,"inLimitType":"None","inLimit":0,"preQualRankType":"None","preQualRankId":0,"preQualLimitType":"None","preQualLimit":0},{"classifications":[],"eventType":"Individual","hillId":"Innsbruck HS130","hillSurface":"Snow","id":19,"roundInfos":{"name":"QualificationKO","roundInfos":[{"roundType":"Normal","outLimitType":"Exact","outLimit":50,"useOrdRank":[false,false,false,false],"disableJudgesMarks":false,"has95Rule":true,"reversedBibs":false,"reassignBibs":false,"gateCompensation":true,"windCompensation":true}]},"ordRankType":"Classification","ordRankId":0,"qualRankType":"None","qualRankId":0,"inLimitType":"None","inLimit":0,"preQualRankType":"None","preQualRankId":0,"preQualLimitType":"None","preQualLimit":0},{"classifications":[0,1,4],"eventType":"Individual","hillId":"Innsbruck HS130","hillSurface":"Snow","id":20,"roundInfos":{"name":"IndividualKO","roundInfos":[{"roundType":"KO","outLimitType":"Normal","outLimit":30,"useOrdRank":[false,false,false,false],"disableJudgesMarks":false,"has95Rule":true,"reversedBibs":true,"reassignBibs":false,"gateCompensation":true,"windCompensation":true},{"roundType":"Normal","outLimitType":"None","outLimit":-1,"useOrdRank":[false,false,false,false],"disableJudgesMarks":false,"has95Rule":true,"reversedBibs":true,"reassignBibs":false,"gateCompensation":true,"windCompensation":true}]},"ordRankType":"Classification","ordRankId":0,"qualRankType":"Event","qualRankId":19,"inLimitType":"None","inLimit":0,"preQualRankType":"None","preQualRankId":0,"preQualLimitType":"None","preQualLimit":0},{"classifications":[],"eventType":"Individual","hillId":"Bischofshofen HS142","hillSurface":"Snow","id":21,"roundInfos":{"name":"QualificationKO","roundInfos":[{"roundType":"Normal","outLimitType":"Exact","outLimit":50,"useOrdRank":[false,false,false,false],"disableJudgesMarks":false,"has95Rule":true,"reversedBibs":false,"reassignBibs":false,"gateCompensation":true,"windCompensation":true}]},"ordRankType":"Classification","ordRankId":0,"qualRankType":"None","qualRankId":0,"inLimitType":"None","inLimit":0,"preQualRankType":"None","preQualRankId":0,"preQualLimitType":"None","preQualLimit":0},{"classifications":[0,1,4],"eventType":"Individual","hillId":"Bischofshofen HS142","hillSurface":"Snow","id":22,"roundInfos":{"name":"IndividualKO","roundInfos":[{"roundType":"KO","outLimitType":"Normal","outLimit":30,"useOrdRank":[false,false,false,false],"disableJudgesMarks":false,"has95Rule":true,"reversedBibs":true,"reassignBibs":false,"gateCompensation":true,"windCompensation":true},{"roundType":"Normal","outLimitType":"None","outLimit":-1,"useOrdRank":[false,false,false,false],"disableJudgesMarks":false,"has95Rule":true,"reversedBibs":true,"reassignBibs":false,"gateCompensation":true,"windCompensation":true}]},"ordRankType":"Classification","ordRankId":0,"qualRankType":"Event","qualRankId":21,"inLimitType":"None","inLimit":0,"preQualRankType":"None","preQualRankId":0,"preQualLimitType":"None","preQualLimit":0},{"classifications":[],"eventType":"Individual","hillId":"Zakopane HS140","hillSurface":"Snow","id":23,"roundInfos":{"name":"Qualification","roundInfos":[{"roundType":"Normal","outLimitType":"Normal","outLimit":50,"useOrdRank":[false,false,false,false],"disableJudgesMarks":false,"has95Rule":true,"reversedBibs":false,"reassignBibs":false,"gateCompensation":true,"windCompensation":true}]},"ordRankType":"Classification","ordRankId":0,"qualRankType":"None","qualRankId":0,"inLimitType":"None","inLimit":0,"preQualRankType":"None","preQualRankId":0,"preQualLimitType":"None","preQualLimit":0},{"classifications":[1],"eventType":"Team","hillId":"Zakopane HS140","hillSurface":"Snow","id":24,"roundInfos":{"name":"Team2Rounds","roundInfos":[{"roundType":"Normal","outLimitType":"Normal","outLimit":8,"useOrdRank":[true,true,true,true],"disableJudgesMarks":false,"has95Rule":true,"reversedBibs":false,"reassignBibs":false,"gateCompensation":true,"windCompensation":true},{"roundType":"Normal","outLimitType":"None","outLimit":-1,"useOrdRank":[true,true,true,false],"disableJudgesMarks":false,"has95Rule":true,"reversedBibs":false,"reassignBibs":false,"gateCompensation":true,"windCompensation":true}]},"ordRankType":"Classification","ordRankId":1,"qualRankType":"None","qualRankId":0,"inLimitType":"None","inLimit":0,"preQualRankType":"None","preQualRankId":0,"preQualLimitType":"None","preQualLimit":0},{"classifications":[0,1],"eventType":"Individual","hillId":"Zakopane HS140","hillSurface":"Snow","id":25,"roundInfos":{"name":"Individual2Rounds","roundInfos":[{"roundType":"Normal","outLimitType":"Normal","outLimit":30,"useOrdRank":[false,false,false,false],"disableJudgesMarks":false,"has95Rule":true,"reversedBibs":false,"reassignBibs":false,"gateCompensation":true,"windCompensation":true},{"roundType":"Normal","outLimitType":"None","outLimit":-1,"useOrdRank":[false,false,false,false],"disableJudgesMarks":false,"has95Rule":true,"reversedBibs":false,"reassignBibs":false,"gateCompensation":true,"windCompensation":true}]},"ordRankType":"Classification","ordRankId":0,"qualRankType":"Event","qualRankId":23,"inLimitType":"None","inLimit":0,"preQualRankType":"None","preQualRankId":0,"preQualLimitType":"None","preQualLimit":0},{"classifications":[],"eventType":"Individual","hillId":"Sapporo HS137","hillSurface":"Snow","id":26,"roundInfos":{"name":"Qualification","roundInfos":[{"roundType":"Normal","outLimitType":"Normal","outLimit":50,"useOrdRank":[false,false,false,false],"disableJudgesMarks":false,"has95Rule":true,"reversedBibs":false,"reassignBibs":false,"gateCompensation":true,"windCompensation":true}]},"ordRankType":"Classification","ordRankId":0,"qualRankType":"None","qualRankId":0,"inLimitType":"None","inLimit":0,"preQualRankType":"None","preQualRankId":0,"preQualLimitType":"None","preQualLimit":0},{"classifications":[1,0],"eventType":"Individual","hillId":"Sapporo HS137","hillSurface":"Snow","id":27,"roundInfos":{"name":"Individual2Rounds","roundInfos":[{"roundType":"Normal","outLimitType":"Normal","outLimit":30,"useOrdRank":[false,false,false,false],"disableJudgesMarks":false,"has95Rule":true,"reversedBibs":false,"reassignBibs":false,"gateCompensation":true,"windCompensation":true},{"roundType":"Normal","outLimitType":"None","outLimit":-1,"useOrdRank":[false,false,false,false],"disableJudgesMarks":false,"has95Rule":true,"reversedBibs":false,"reassignBibs":false,"gateCompensation":true,"windCompensation":true}]},"ordRankType":"Classification","ordRankId":0,"qualRankType":"Event","qualRankId":26,"inLimitType":"None","inLimit":0,"preQualRankType":"None","preQualRankId":0,"preQualLimitType":"None","preQualLimit":0},{"classifications":[0,1],"eventType":"Individual","hillId":"Sapporo HS137","hillSurface":"Snow","id":28,"roundInfos":{"name":"Individual2Rounds","roundInfos":[{"roundType":"Normal","outLimitType":"Normal","outLimit":30,"useOrdRank":[false,false,false,false],"disableJudgesMarks":false,"has95Rule":true,"reversedBibs":false,"reassignBibs":false,"gateCompensation":true,"windCompensation":true},{"roundType":"Normal","outLimitType":"None","outLimit":-1,"useOrdRank":[false,false,false,false],"disableJudgesMarks":false,"has95Rule":true,"reversedBibs":false,"reassignBibs":false,"gateCompensation":true,"windCompensation":true}]},"ordRankType":"Classification","ordRankId":0,"qualRankType":"Event","qualRankId":26,"inLimitType":"None","inLimit":0,"preQualRankType":"None","preQualRankId":0,"preQualLimitType":"None","preQualLimit":0},{"classifications":[],"eventType":"Individual","hillId":"Willingen HS145","hillSurface":"Snow","id":29,"roundInfos":{"name":"Qualification","roundInfos":[{"roundType":"Normal","outLimitType":"Normal","outLimit":50,"useOrdRank":[false,false,false,false],"disableJudgesMarks":false,"has95Rule":true,"reversedBibs":false,"reassignBibs":false,"gateCompensation":true,"windCompensation":true}]},"ordRankType":"Classification","ordRankId":0,"qualRankType":"None","qualRankId":0,"inLimitType":"None","inLimit":0,"preQualRankType":"None","preQualRankId":0,"preQualLimitType":"None","preQualLimit":0},{"classifications":[1],"eventType":"Team","hillId":"Willingen HS145","hillSurface":"Snow","id":30,"roundInfos":{"name":"Team2Rounds","roundInfos":[{"roundType":"Normal","outLimitType":"Normal","outLimit":8,"useOrdRank":[true,true,true,true],"disableJudgesMarks":false,"has95Rule":true,"reversedBibs":false,"reassignBibs":false,"gateCompensation":true,"windCompensation":true},{"roundType":"Normal","outLimitType":"None","outLimit":-1,"useOrdRank":[true,true,true,false],"disableJudgesMarks":false,"has95Rule":true,"reversedBibs":false,"reassignBibs":false,"gateCompensation":true,"windCompensation":true}]},"ordRankType":"Classification","ordRankId":1,"qualRankType":"None","qualRankId":29,"inLimitType":"None","inLimit":0,"preQualRankType":"None","preQualRankId":0,"preQualLimitType":"None","preQualLimit":0},{"classifications":[0,1],"eventType":"Individual","hillId":"Willingen HS145","hillSurface":"Snow","id":31,"roundInfos":{"name":"Individual2Rounds","roundInfos":[{"roundType":"Normal","outLimitType":"Normal","outLimit":30,"useOrdRank":[false,false,false,false],"disableJudgesMarks":false,"has95Rule":true,"reversedBibs":false,"reassignBibs":false,"gateCompensation":true,"windCompensation":true},{"roundType":"Normal","outLimitType":"None","outLimit":-1,"useOrdRank":[false,false,false,false],"disableJudgesMarks":false,"has95Rule":true,"reversedBibs":false,"reassignBibs":false,"gateCompensation":true,"windCompensation":true}]},"ordRankType":"Classification","ordRankId":0,"qualRankType":"Event","qualRankId":29,"inLimitType":"None","inLimit":0,"preQualRankType":"None","preQualRankId":0,"preQualLimitType":"None","preQualLimit":0},{"classifications":[0,1],"eventType":"Individual","hillId":"Willingen HS145","hillSurface":"Snow","id":32,"roundInfos":{"name":"Individual2Rounds","roundInfos":[{"roundType":"Normal","outLimitType":"Normal","outLimit":30,"useOrdRank":[false,false,false,false],"disableJudgesMarks":false,"has95Rule":true,"reversedBibs":false,"reassignBibs":false,"gateCompensation":true,"windCompensation":true},{"roundType":"Normal","outLimitType":"None","outLimit":-1,"useOrdRank":[false,false,false,false],"disableJudgesMarks":false,"has95Rule":true,"reversedBibs":false,"reassignBibs":false,"gateCompensation":true,"windCompensation":true}]},"ordRankType":"Classification","ordRankId":0,"qualRankType":"Event","qualRankId":29,"inLimitType":"None","inLimit":0,"preQualRankType":"None","preQualRankId":0,"preQualLimitType":"None","preQualLimit":0},{"classifications":[],"eventType":"Individual","hillId":"Zhangjiakou HS106","hillSurface":"Snow","id":33,"roundInfos":{"name":"Qualification","roundInfos":[{"roundType":"Normal","outLimitType":"Normal","outLimit":50,"useOrdRank":[false,false,false,false],"disableJudgesMarks":false,"has95Rule":true,"reversedBibs":false,"reassignBibs":false,"gateCompensation":true,"windCompensation":true}]},"ordRankType":"Classification","ordRankId":0,"qualRankType":"None","qualRankId":0,"inLimitType":"None","inLimit":0,"preQualRankType":"None","preQualRankId":0,"preQualLimitType":"None","preQualLimit":0},{"classifications":[5],"eventType":"Individual","hillId":"Zhangjiakou HS106","hillSurface":"Snow","id":34,"roundInfos":{"name":"Individual2Rounds","roundInfos":[{"roundType":"Normal","outLimitType":"Normal","outLimit":30,"useOrdRank":[false,false,false,false],"disableJudgesMarks":false,"has95Rule":true,"reversedBibs":false,"reassignBibs":false,"gateCompensation":true,"windCompensation":true},{"roundType":"Normal","outLimitType":"None","outLimit":-1,"useOrdRank":[false,false,false,false],"disableJudgesMarks":false,"has95Rule":true,"reversedBibs":false,"reassignBibs":false,"gateCompensation":true,"windCompensation":true}]},"ordRankType":"Classification","ordRankId":0,"qualRankType":"Event","qualRankId":33,"inLimitType":"None","inLimit":0,"preQualRankType":"None","preQualRankId":0,"preQualLimitType":"None","preQualLimit":0},{"classifications":[],"eventType":"Individual","hillId":"Zhangjiakou HS140","hillSurface":"Snow","id":35,"roundInfos":{"name":"Qualification","roundInfos":[{"roundType":"Normal","outLimitType":"Normal","outLimit":50,"useOrdRank":[false,false,false,false],"disableJudgesMarks":false,"has95Rule":true,"reversedBibs":false,"reassignBibs":false,"gateCompensation":true,"windCompensation":true}]},"ordRankType":"Classification","ordRankId":0,"qualRankType":"None","qualRankId":0,"inLimitType":"None","inLimit":0,"preQualRankType":"None","preQualRankId":0,"preQualLimitType":"None","preQualLimit":0},{"classifications":[7],"eventType":"Individual","hillId":"Zhangjiakou HS140","hillSurface":"Snow","id":36,"roundInfos":{"name":"Individual2Rounds","roundInfos":[{"roundType":"Normal","outLimitType":"Normal","outLimit":30,"useOrdRank":[false,false,false,false],"disableJudgesMarks":false,"has95Rule":true,"reversedBibs":false,"reassignBibs":false,"gateCompensation":true,"windCompensation":true},{"roundType":"Normal","outLimitType":"None","outLimit":-1,"useOrdRank":[false,false,false,false],"disableJudgesMarks":false,"has95Rule":true,"reversedBibs":false,"reassignBibs":false,"gateCompensation":true,"windCompensation":true}]},"ordRankType":"Classification","ordRankId":0,"qualRankType":"Event","qualRankId":36,"inLimitType":"None","inLimit":0,"preQualRankType":"None","preQualRankId":0,"preQualLimitType":"None","preQualLimit":0},{"classifications":[6],"eventType":"Team","hillId":"Zhangjiakou HS140","hillSurface":"Snow","id":37,"roundInfos":{"name":"Team2Rounds","roundInfos":[{"roundType":"Normal","outLimitType":"Normal","outLimit":8,"useOrdRank":[true,true,true,true],"disableJudgesMarks":false,"has95Rule":true,"reversedBibs":false,"reassignBibs":false,"gateCompensation":true,"windCompensation":true},{"roundType":"Normal","outLimitType":"None","outLimit":-1,"useOrdRank":[true,true,true,false],"disableJudgesMarks":false,"has95Rule":true,"reversedBibs":false,"reassignBibs":false,"gateCompensation":true,"windCompensation":true}]},"ordRankType":"Classification","ordRankId":1,"qualRankType":"None","qualRankId":8,"inLimitType":"None","inLimit":0,"preQualRankType":"None","preQualRankId":0,"preQualLimitType":"None","preQualLimit":0},{"classifications":[],"eventType":"Individual","hillId":"Lahti HS130","hillSurface":"Snow","id":38,"roundInfos":{"name":"Qualification","roundInfos":[{"roundType":"Normal","outLimitType":"Normal","outLimit":50,"useOrdRank":[false,false,false,false],"disableJudgesMarks":false,"has95Rule":true,"reversedBibs":false,"reassignBibs":false,"gateCompensation":true,"windCompensation":true}]},"ordRankType":"Classification","ordRankId":0,"qualRankType":"None","qualRankId":0,"inLimitType":"None","inLimit":0,"preQualRankType":"None","preQualRankId":0,"preQualLimitType":"None","preQualLimit":0},{"classifications":[1],"eventType":"Team","hillId":"Lahti HS130","hillSurface":"Snow","id":39,"roundInfos":{"name":"Team2Rounds","roundInfos":[{"roundType":"Normal","outLimitType":"Normal","outLimit":8,"useOrdRank":[true,true,true,true],"disableJudgesMarks":false,"has95Rule":true,"reversedBibs":false,"reassignBibs":false,"gateCompensation":true,"windCompensation":true},{"roundType":"Normal","outLimitType":"None","outLimit":-1,"useOrdRank":[true,true,true,false],"disableJudgesMarks":false,"has95Rule":true,"reversedBibs":false,"reassignBibs":false,"gateCompensation":true,"windCompensation":true}]},"ordRankType":"Classification","ordRankId":1,"qualRankType":"None","qualRankId":8,"inLimitType":"None","inLimit":0,"preQualRankType":"None","preQualRankId":0,"preQualLimitType":"None","preQualLimit":0},{"classifications":[0,1],"eventType":"Individual","hillId":"Lahti HS130","hillSurface":"Snow","id":40,"roundInfos":{"name":"Individual2Rounds","roundInfos":[{"roundType":"Normal","outLimitType":"Normal","outLimit":30,"useOrdRank":[false,false,false,false],"disableJudgesMarks":false,"has95Rule":true,"reversedBibs":false,"reassignBibs":false,"gateCompensation":true,"windCompensation":true},{"roundType":"Normal","outLimitType":"None","outLimit":-1,"useOrdRank":[false,false,false,false],"disableJudgesMarks":false,"has95Rule":true,"reversedBibs":false,"reassignBibs":false,"gateCompensation":true,"windCompensation":true}]},"ordRankType":"Classification","ordRankId":0,"qualRankType":"Event","qualRankId":38,"inLimitType":"None","inLimit":0,"preQualRankType":"None","preQualRankId":0,"preQualLimitType":"None","preQualLimit":0},{"classifications":[9],"eventType":"Individual","hillId":"Lilehammer HS140","hillSurface":"Snow","id":41,"roundInfos":{"name":"Qualification","roundInfos":[{"roundType":"Normal","outLimitType":"Normal","outLimit":50,"useOrdRank":[false,false,false,false],"disableJudgesMarks":false,"has95Rule":true,"reversedBibs":false,"reassignBibs":false,"gateCompensation":true,"windCompensation":true}]},"ordRankType":"Classification","ordRankId":0,"qualRankType":"None","qualRankId":0,"inLimitType":"None","inLimit":0,"preQualRankType":"None","preQualRankId":0,"preQualLimitType":"None","preQualLimit":0},{"classifications":[9,0,1],"eventType":"Individual","hillId":"Lilehammer HS140","hillSurface":"Snow","id":42,"roundInfos":{"name":"Individual2Rounds","roundInfos":[{"roundType":"Normal","outLimitType":"Normal","outLimit":30,"useOrdRank":[false,false,false,false],"disableJudgesMarks":false,"has95Rule":true,"reversedBibs":false,"reassignBibs":false,"gateCompensation":true,"windCompensation":true},{"roundType":"Normal","outLimitType":"None","outLimit":-1,"useOrdRank":[false,false,false,false],"disableJudgesMarks":false,"has95Rule":true,"reversedBibs":false,"reassignBibs":false,"gateCompensation":true,"windCompensation":true}]},"ordRankType":"Classification","ordRankId":0,"qualRankType":"Event","qualRankId":41,"inLimitType":"None","inLimit":0,"preQualRankType":"None","preQualRankId":0,"preQualLimitType":"None","preQualLimit":0},{"classifications":[9],"eventType":"Individual","hillId":"Oslo HS134","hillSurface":"Snow","id":43,"roundInfos":{"name":"Qualification","roundInfos":[{"roundType":"Normal","outLimitType":"Normal","outLimit":50,"useOrdRank":[false,false,false,false],"disableJudgesMarks":false,"has95Rule":true,"reversedBibs":false,"reassignBibs":false,"gateCompensation":true,"windCompensation":true}]},"ordRankType":"Classification","ordRankId":0,"qualRankType":"None","qualRankId":0,"inLimitType":"None","inLimit":0,"preQualRankType":"None","preQualRankId":0,"preQualLimitType":"None","preQualLimit":0},{"classifications":[9,1],"eventType":"Team","hillId":"Oslo HS134","hillSurface":"Snow","id":44,"roundInfos":{"name":"Team2Rounds","roundInfos":[{"roundType":"Normal","outLimitType":"Normal","outLimit":8,"useOrdRank":[true,true,true,true],"disableJudgesMarks":false,"has95Rule":true,"reversedBibs":false,"reassignBibs":false,"gateCompensation":true,"windCompensation":true},{"roundType":"Normal","outLimitType":"None","outLimit":-1,"useOrdRank":[true,true,true,false],"disableJudgesMarks":false,"has95Rule":true,"reversedBibs":false,"reassignBibs":false,"gateCompensation":true,"windCompensation":true}]},"ordRankType":"Classification","ordRankId":1,"qualRankType":"None","qualRankId":0,"inLimitType":"None","inLimit":0,"preQualRankType":"None","preQualRankId":0,"preQualLimitType":"None","preQualLimit":0},{"classifications":[9],"eventType":"Individual","hillId":"Oslo HS134","hillSurface":"Snow","id":45,"roundInfos":{"name":"Individual2Rounds","roundInfos":[{"roundType":"Normal","outLimitType":"Normal","outLimit":30,"useOrdRank":[false,false,false,false],"disableJudgesMarks":false,"has95Rule":true,"reversedBibs":false,"reassignBibs":false,"gateCompensation":true,"windCompensation":true},{"roundType":"Normal","outLimitType":"None","outLimit":-1,"useOrdRank":[false,false,false,false],"disableJudgesMarks":false,"has95Rule":true,"reversedBibs":false,"reassignBibs":false,"gateCompensation":true,"windCompensation":true}]},"ordRankType":"Classification","ordRankId":0,"qualRankType":"Event","qualRankId":43,"inLimitType":"None","inLimit":0,"preQualRankType":"None","preQualRankId":0,"preQualLimitType":"None","preQualLimit":0},{"classifications":[],"eventType":"Individual","hillId":"Vikersund HS240","hillSurface":"Snow","id":46,"roundInfos":{"name":"QualificationFlying","roundInfos":[{"roundType":"Normal","outLimitType":"Normal","outLimit":40,"useOrdRank":[false,false,false,false],"disableJudgesMarks":false,"has95Rule":true,"reversedBibs":false,"reassignBibs":false,"gateCompensation":true,"windCompensation":true}]},"ordRankType":"Classification","ordRankId":0,"qualRankType":"None","qualRankId":0,"inLimitType":"None","inLimit":0,"preQualRankType":"None","preQualRankId":0,"preQualLimitType":"None","preQualLimit":0},{"classifications":[3],"eventType":"Individual","hillId":"Vikersund HS240","hillSurface":"Snow","id":47,"roundInfos":{"name":"Individual4Rounds","roundInfos":[{"roundType":"Normal","outLimitType":"Normal","outLimit":30,"useOrdRank":[false,false,false,false],"disableJudgesMarks":false,"has95Rule":true,"reversedBibs":false,"reassignBibs":false,"gateCompensation":true,"windCompensation":true},{"roundType":"Normal","outLimitType":"Normal","outLimit":30,"useOrdRank":[false,false,false,false],"disableJudgesMarks":false,"has95Rule":true,"reversedBibs":false,"reassignBibs":false,"gateCompensation":true,"windCompensation":true},{"roundType":"Normal","outLimitType":"None","outLimit":-1,"useOrdRank":[false,false,false,false],"disableJudgesMarks":false,"has95Rule":true,"reversedBibs":false,"reassignBibs":true,"gateCompensation":true,"windCompensation":true},{"roundType":"Normal","outLimitType":"None","outLimit":-1,"useOrdRank":[false,false,false,false],"disableJudgesMarks":false,"has95Rule":true,"reversedBibs":false,"reassignBibs":false,"gateCompensation":true,"windCompensation":true}]},"ordRankType":"Classification","ordRankId":0,"qualRankType":"Event","qualRankId":46,"inLimitType":"None","inLimit":0,"preQualRankType":"None","preQualRankId":0,"preQualLimitType":"None","preQualLimit":0},{"classifications":[],"eventType":"Individual","hillId":"Oberstdorf HS235","hillSurface":"Snow","id":48,"roundInfos":{"name":"QualificationFlying","roundInfos":[{"roundType":"Normal","outLimitType":"Normal","outLimit":40,"useOrdRank":[false,false,false,false],"disableJudgesMarks":false,"has95Rule":true,"reversedBibs":false,"reassignBibs":false,"gateCompensation":true,"windCompensation":true}]},"ordRankType":"Classification","ordRankId":0,"qualRankType":"None","qualRankId":0,"inLimitType":"None","inLimit":0,"preQualRankType":"None","preQualRankId":0,"preQualLimitType":"None","preQualLimit":0},{"classifications":[2,0,1],"eventType":"Individual","hillId":"Oberstdorf HS235","hillSurface":"Snow","id":49,"roundInfos":{"name":"Individual2Rounds","roundInfos":[{"roundType":"Normal","outLimitType":"Normal","outLimit":30,"useOrdRank":[false,false,false,false],"disableJudgesMarks":false,"has95Rule":true,"reversedBibs":false,"reassignBibs":false,"gateCompensation":true,"windCompensation":true},{"roundType":"Normal","outLimitType":"None","outLimit":-1,"useOrdRank":[false,false,false,false],"disableJudgesMarks":false,"has95Rule":true,"reversedBibs":false,"reassignBibs":false,"gateCompensation":true,"windCompensation":true}]},"ordRankType":"Classification","ordRankId":0,"qualRankType":"Event","qualRankId":48,"inLimitType":"None","inLimit":0,"preQualRankType":"None","preQualRankId":0,"preQualLimitType":"None","preQualLimit":0},{"classifications":[2,0,1],"eventType":"Individual","hillId":"Oberstdorf HS235","hillSurface":"Snow","id":50,"roundInfos":{"name":"Individual2Rounds","roundInfos":[{"roundType":"Normal","outLimitType":"Normal","outLimit":30,"useOrdRank":[false,false,false,false],"disableJudgesMarks":false,"has95Rule":true,"reversedBibs":false,"reassignBibs":false,"gateCompensation":true,"windCompensation":true},{"roundType":"Normal","outLimitType":"None","outLimit":-1,"useOrdRank":[false,false,false,false],"disableJudgesMarks":false,"has95Rule":true,"reversedBibs":false,"reassignBibs":false,"gateCompensation":true,"windCompensation":true}]},"ordRankType":"Classification","ordRankId":0,"qualRankType":"Event","qualRankId":48,"inLimitType":"None","inLimit":0,"preQualRankType":"None","preQualRankId":0,"preQualLimitType":"None","preQualLimit":0},{"classifications":[],"eventType":"Individual","hillId":"Planica HS240","hillSurface":"Snow","id":51,"roundInfos":{"name":"QualificationFlying","roundInfos":[{"roundType":"Normal","outLimitType":"Normal","outLimit":40,"useOrdRank":[false,false,false,false],"disableJudgesMarks":false,"has95Rule":true,"reversedBibs":false,"reassignBibs":false,"gateCompensation":true,"windCompensation":true}]},"ordRankType":"Classification","ordRankId":0,"qualRankType":"None","qualRankId":0,"inLimitType":"None","inLimit":0,"preQualRankType":"None","preQualRankId":0,"preQualLimitType":"None","preQualLimit":0},{"classifications":[1],"eventType":"Team","hillId":"Planica HS240","hillSurface":"Snow","id":52,"roundInfos":{"name":"Team2Rounds","roundInfos":[{"roundType":"Normal","outLimitType":"Normal","outLimit":8,"useOrdRank":[true,true,true,true],"disableJudgesMarks":false,"has95Rule":true,"reversedBibs":false,"reassignBibs":false,"gateCompensation":true,"windCompensation":true},{"roundType":"Normal","outLimitType":"None","outLimit":-1,"useOrdRank":[true,true,true,false],"disableJudgesMarks":false,"has95Rule":true,"reversedBibs":false,"reassignBibs":false,"gateCompensation":true,"windCompensation":true}]},"ordRankType":"Classification","ordRankId":1,"qualRankType":"None","qualRankId":48,"inLimitType":"None","inLimit":0,"preQualRankType":"None","preQualRankId":0,"preQualLimitType":"None","preQualLimit":0},{"classifications":[0,1,2],"eventType":"Individual","hillId":"Planica HS240","hillSurface":"Snow","id":53,"roundInfos":{"name":"Individual2Rounds","roundInfos":[{"roundType":"Normal","outLimitType":"Normal","outLimit":30,"useOrdRank":[false,false,false,false],"disableJudgesMarks":false,"has95Rule":true,"reversedBibs":false,"reassignBibs":false,"gateCompensation":true,"windCompensation":true},{"roundType":"Normal","outLimitType":"None","outLimit":-1,"useOrdRank":[false,false,false,false],"disableJudgesMarks":false,"has95Rule":true,"reversedBibs":false,"reassignBibs":false,"gateCompensation":true,"windCompensation":true}]},"ordRankType":"Classification","ordRankId":0,"qualRankType":"Event","qualRankId":51,"inLimitType":"None","inLimit":0,"preQualRankType":"None","preQualRankId":0,"preQualLimitType":"None","preQualLimit":0}]}]