[{"name":"PŚ 2020/2021 W","competitorsIds":["AUT-F-Iraschko-Stolz-Daniela#0","AUT-F-Wiegele-Hannah#0","AUT-F-Hölzl-Chiara#0","AUT-F-Eder-Lisa#0","AUT-F-Sorschag-Sophie#0","AUT-F-Kothbauer-Sophie#0","AUT-F-Pinkelnig-Eva#0","AUT-F-Mühlbacher-Julia#0","AUT-F-Moharitsch-Vanessa#0","AUT-F-Ellmauer-Katharina#0","AUT-F-Kramer-Marita#0","CAN-F-Maurer-Nicole#0","CAN-F-Loutitt-Alexandria#0","CAN-F-Eilers-Natalie#0","CAN-F-Bodnarchuk-Natasha#0","CAN-F-Strate-Abigail#0","CZE-F-Pešatová-Zdena#0","CZE-F-Ptáčková-Štěpánka#0","CZE-F-Jenčová-Veronika#0","CZE-F-Indráčková-Karolína#0","CZE-F-Ulrichová-Klára#0","FIN-F-Kykkänen-Julia#0","FIN-F-Tervahartiala-Julia#0","FIN-F-Forsström-Susanna#0","FIN-F-Rautionaho-Jenny#0","FRA-F-Pagnier-Joséphine#0","FRA-F-Morat-Lucile#0","FRA-F-Clair-Julia#0","FRA-F-Gros-Océane_Avocat#0","GER-F-Würth-Svenja#0","GER-F-Vogt-Carina#0","GER-F-Seyfarth-Juliane#0","GER-F-Rupprecht-Anna#0","GER-F-Reisch-Agnes#0","GER-F-Freitag-Selina#0","GER-F-Görlich-Luisa#0","GER-F-Althaus-Katharina#0","GER-F-Heßler-Pauline#0","HUN-F-Voros-Virag#0","ITA-F-Malsiner-Manuela#0","ITA-F-Malsiner-Jessica#0","ITA-F-Ambrosi-Martina#0","ITA-F-Malsiner-Lara#0","JPN-F-Maruyama-Nozomi#0","JPN-F-Itō-Yūki#0","JPN-F-Takanashi-Sara#0","JPN-F-Setō-Yūka#0","JPN-F-Iwabuchi-Kaori#0","KAZ-F-Piecha-Dajana#0","NOR-F-Berger-Frida#0","NOR-F-Bjørseth-Thea_Minyan#0","NOR-F-Kvandal-Eirin_Maria#0","NOR-F-Lundby-Maren#0","NOR-F-Opseth-Silje#0","NOR-F-Strøm-Anna_Odine#0","POL-F-Twardosz-Anna#0","POL-F-Szwab-Joanna#0","POL-F-Karpiel-Kamila#0","POL-F-Konderla-Nicole#0","POL-F-Przybyła-Wiktoria#0","POL-F-Rajda-Kinga#0","ROU-F-Haralambie-Daniela#0","RUS-F-Tikhonova-Sofja#0","RUS-F-Szpyniowa-Anna#0","RUS-F-Subbotina-Anastasija#0","RUS-F-Avvakumova-Irina#0","RUS-F-Prokopieva-Kristina#0","RUS-F-Piskunova-Ksienija#0","RUS-F-Mochova-Jelizawieta#0","RUS-F-Barantceva-Aleksandra#0","RUS-F-makhinia-Irma#0","RUS-F-Kablukova-Ksenia#0","RUS-F-Iakovleva-Marija#0","RUS-F-Borodina-Alina#0","SLO-F-Rogelj-Špela#0","SLO-F-Markuta-Katja#0","SLO-F-Vtic-Maja#0","SLO-F-Mazi-Pia#0","SLO-F-Logar-Lara#0","SLO-F-Kriznar-Nika#0","SLO-F-Komar-Katra#0","SLO-F-Klinec-Ema#0","SLO-F-Zupancic-Jerneja_Repinc#0","SLO-F-Vetrih-Nika#0","SLO-F-Brecl-Jerneja#0","SLO-F-Bogataj-Urša#0","SWE-F-Westman-Frida#0","SWE-F-Norstedt-Astrid#0","UKR-F-Pylypchuk-Tetyana#0","USA-F-Hoffmann-Anna#0","USA-F-Geraghty-Moats-Tara#0","USA-F-Belshaw-Annika#0","USA-F-Sankey-Logan#0","USA-F-Macuga-Samantha#0","USA-F-Lussi-Nina#0","USA-F-Jones-Paige#0"],"teams":[{"teamName":"Austria","countryCode":"AUT","competitorsIds":["AUT-F-Iraschko-Stolz-Daniela#0","AUT-F-Wiegele-Hannah#0","AUT-F-Hölzl-Chiara#0","AUT-F-Eder-Lisa#0","AUT-F-Sorschag-Sophie#0","AUT-F-Kothbauer-Sophie#0","AUT-F-Pinkelnig-Eva#0","AUT-F-Mühlbacher-Julia#0","AUT-F-Moharitsch-Vanessa#0","AUT-F-Ellmauer-Katharina#0","AUT-F-Kramer-Marita#0"]},{"teamName":"Canada","countryCode":"CAN","competitorsIds":["CAN-F-Maurer-Nicole#0","CAN-F-Loutitt-Alexandria#0","CAN-F-Eilers-Natalie#0","CAN-F-Bodnarchuk-Natasha#0","CAN-F-Strate-Abigail#0"]},{"teamName":"Czech Republic","countryCode":"CZE","competitorsIds":["CZE-F-Pešatová-Zdena#0","CZE-F-Ptáčková-Štěpánka#0","CZE-F-Jenčová-Veronika#0","CZE-F-Indráčková-Karolína#0","CZE-F-Ulrichová-Klára#0"]},{"teamName":"Finland","countryCode":"FIN","competitorsIds":["FIN-F-Kykkänen-Julia#0","FIN-F-Tervahartiala-Julia#0","FIN-F-Forsström-Susanna#0","FIN-F-Rautionaho-Jenny#0"]},{"teamName":"France","countryCode":"FRA","competitorsIds":["FRA-F-Pagnier-Joséphine#0","FRA-F-Morat-Lucile#0","FRA-F-Clair-Julia#0","FRA-F-Gros-Océane_Avocat#0"]},{"teamName":"Germany","countryCode":"GER","competitorsIds":["GER-F-Würth-Svenja#0","GER-F-Vogt-Carina#0","GER-F-Seyfarth-Juliane#0","GER-F-Rupprecht-Anna#0","GER-F-Reisch-Agnes#0","GER-F-Freitag-Selina#0","GER-F-Görlich-Luisa#0","GER-F-Althaus-Katharina#0","GER-F-Heßler-Pauline#0"]},{"teamName":"Hungary","countryCode":"HUN","competitorsIds":["HUN-F-Voros-Virag#0"]},{"teamName":"Italy","countryCode":"ITA","competitorsIds":["ITA-F-Malsiner-Manuela#0","ITA-F-Malsiner-Jessica#0","ITA-F-Ambrosi-Martina#0","ITA-F-Malsiner-Lara#0"]},{"teamName":"Japan","countryCode":"JPN","competitorsIds":["JPN-F-Maruyama-Nozomi#0","JPN-F-Itō-Yūki#0","JPN-F-Takanashi-Sara#0","JPN-F-Setō-Yūka#0","JPN-F-Iwabuchi-Kaori#0"]},{"teamName":"Kazakhstan","countryCode":"KAZ","competitorsIds":["KAZ-F-Piecha-Dajana#0"]},{"teamName":"Norway","countryCode":"NOR","competitorsIds":["NOR-F-Berger-Frida#0","NOR-F-Bjørseth-Thea_Minyan#0","NOR-F-Kvandal-Eirin_Maria#0","NOR-F-Lundby-Maren#0","NOR-F-Opseth-Silje#0","NOR-F-Strøm-Anna_Odine#0"]},{"teamName":"Poland","countryCode":"POL","competitorsIds":["POL-F-Twardosz-Anna#0","POL-F-Szwab-Joanna#0","POL-F-Karpiel-Kamila#0","POL-F-Konderla-Nicole#0","POL-F-Przybyła-Wiktoria#0","POL-F-Rajda-Kinga#0"]},{"teamName":"Romania","countryCode":"ROU","competitorsIds":["ROU-F-Haralambie-Daniela#0"]},{"teamName":"Russian Federation","countryCode":"RUS","competitorsIds":["RUS-F-Tikhonova-Sofja#0","RUS-F-Szpyniowa-Anna#0","RUS-F-Subbotina-Anastasija#0","RUS-F-Avvakumova-Irina#0","RUS-F-Prokopieva-Kristina#0","RUS-F-Piskunova-Ksienija#0","RUS-F-Mochova-Jelizawieta#0","RUS-F-Barantceva-Aleksandra#0","RUS-F-makhinia-Irma#0","RUS-F-Kablukova-Ksenia#0","RUS-F-Iakovleva-Marija#0","RUS-F-Borodina-Alina#0"]},{"teamName":"Slovenia","countryCode":"SLO","competitorsIds":["SLO-F-Rogelj-Špela#0","SLO-F-Markuta-Katja#0","SLO-F-Vtic-Maja#0","SLO-F-Mazi-Pia#0","SLO-F-Logar-Lara#0","SLO-F-Kriznar-Nika#0","SLO-F-Komar-Katra#0","SLO-F-Klinec-Ema#0","SLO-F-Zupancic-Jerneja_Repinc#0","SLO-F-Vetrih-Nika#0","SLO-F-Brecl-Jerneja#0","SLO-F-Bogataj-Urša#0"]},{"teamName":"Sweden","countryCode":"SWE","competitorsIds":["SWE-F-Westman-Frida#0","SWE-F-Norstedt-Astrid#0"]},{"teamName":"Ukraine","countryCode":"UKR","competitorsIds":["UKR-F-Pylypchuk-Tetyana#0"]},{"teamName":"United States","countryCode":"USA","competitorsIds":["USA-F-Hoffmann-Anna#0","USA-F-Geraghty-Moats-Tara#0","USA-F-Belshaw-Annika#0","USA-F-Sankey-Logan#0","USA-F-Macuga-Samantha#0","USA-F-Lussi-Nina#0","USA-F-Jones-Paige#0"]}],"classifications":[{"name":"World Cup","eventType":"Individual","classificationType":"Place","teamClassificationLimitType":0,"teamCompetitorsLimit":0,"medalPlaces":0,"events":[],"pointsTables":[{"name":"World Cup","value":[100,80,60,50,45,40,36,32,29,26,24,22,20,18,16,15,14,13,12,11,10,9,8,7,6,5,4,3,2,1]}],"leaderBibColor":"ffcc00"},{"name":"Nations Cup","eventType":"Team","classificationType":"Place","teamClassificationLimitType":0,"teamCompetitorsLimit":0,"medalPlaces":0,"events":[],"pointsTables":[{"name":"World Cup","value":[100,80,60,50,45,40,36,32,29,26,24,22,20,18,16,15,14,13,12,11,10,9,8,7,6,5,4,3,2,1]},{"name":"Nations Cup","value":[400,350,300,250,200,150,100,50]}],"leaderBibColor":"ffff00"},{"name":"Russian Tour Blue Bird 2021","eventType":"Individual","classificationType":"Points","teamClassificationLimitType":0,"teamCompetitorsLimit":0,"medalPlaces":0,"events":[],"pointsTables":[{"name":"World Cup","value":[100,80,60,50,45,40,36,32,29,26,24,22,20,18,16,15,14,13,12,11,10,9,8,7,6,5,4,3,2,1]}],"leaderBibColor":"ffff99"},{"name":"World Ski Championships 2021 Women Individual Normal","eventType":"Individual","classificationType":"Medal","teamClassificationLimitType":0,"teamCompetitorsLimit":0,"medalPlaces":3,"events":[],"pointsTables":[{"name":"World Cup","value":[100,80,60,50,45,40,36,32,29,26,24,22,20,18,16,15,14,13,12,11,10,9,8,7,6,5,4,3,2,1]}],"leaderBibColor":"d9d9d9"},{"name":"World Ski Championships 2021 Women Individual Big","eventType":"Individual","classificationType":"Medal","teamClassificationLimitType":0,"teamCompetitorsLimit":0,"medalPlaces":3,"events":[],"pointsTables":[{"name":"World Cup","value":[100,80,60,50,45,40,36,32,29,26,24,22,20,18,16,15,14,13,12,11,10,9,8,7,6,5,4,3,2,1]}],"leaderBibColor":"d9d9d9"},{"name":"World Ski Championships 2021 Women Team Normal","eventType":"Team","classificationType":"Medal","teamClassificationLimitType":0,"teamCompetitorsLimit":0,"medalPlaces":3,"events":[],"pointsTables":[{"name":"World Cup","value":[100,80,60,50,45,40,36,32,29,26,24,22,20,18,16,15,14,13,12,11,10,9,8,7,6,5,4,3,2,1]},{"name":"Nations Cup","value":[400,350,300,250,200,150,100,50]}],"leaderBibColor":"d9d9d9"}],"events":[{"classifications":[],"eventType":"Individual","hillId":"Eisenerz-Ramsau HS109","hillSurface":"Snow","id":0,"roundInfos":{"name":"Qualification","roundInfos":[{"roundType":"Normal","outLimitType":"Normal","outLimit":50,"useOrdRank":[false,false,false,false],"disableJudgesMarks":false,"has95Rule":true,"reversedBibs":false,"reassignBibs":false,"gateCompensation":true,"windCompensation":true}]},"ordRankType":"None","ordRankId":0,"qualRankType":"None","qualRankId":0,"inLimitType":"None","inLimit":0,"preQualRankType":"None","preQualRankId":0,"preQualLimitType":"None","preQualLimit":0},{"classifications":[0,1],"eventType":"Individual","hillId":"Eisenerz-Ramsau HS109","hillSurface":"Snow","id":1,"roundInfos":{"name":"Individual2Rounds","roundInfos":[{"roundType":"Normal","outLimitType":"Normal","outLimit":30,"useOrdRank":[false,false,false,false],"disableJudgesMarks":false,"has95Rule":true,"reversedBibs":false,"reassignBibs":false,"gateCompensation":true,"windCompensation":true},{"roundType":"Normal","outLimitType":"None","outLimit":-1,"useOrdRank":[false,false,false,false],"disableJudgesMarks":false,"has95Rule":true,"reversedBibs":false,"reassignBibs":false,"gateCompensation":true,"windCompensation":true}]},"ordRankType":"Event","ordRankId":0,"qualRankType":"Event","qualRankId":0,"inLimitType":"None","inLimit":0,"preQualRankType":"None","preQualRankId":0,"preQualLimitType":"None","preQualLimit":0},{"classifications":[],"eventType":"Individual","hillId":"Ljubno HS94","hillSurface":"Snow","id":2,"roundInfos":{"name":"Qualification","roundInfos":[{"roundType":"Normal","outLimitType":"Normal","outLimit":50,"useOrdRank":[false,false,false,false],"disableJudgesMarks":false,"has95Rule":true,"reversedBibs":false,"reassignBibs":false,"gateCompensation":true,"windCompensation":true}]},"ordRankType":"Classification","ordRankId":0,"qualRankType":"None","qualRankId":0,"inLimitType":"None","inLimit":0,"preQualRankType":"None","preQualRankId":0,"preQualLimitType":"None","preQualLimit":0},{"classifications":[1],"eventType":"Team","hillId":"Ljubno HS94","hillSurface":"Snow","id":3,"roundInfos":{"name":"Team2Rounds","roundInfos":[{"roundType":"Normal","outLimitType":"Normal","outLimit":8,"useOrdRank":[true,true,true,true],"disableJudgesMarks":false,"has95Rule":true,"reversedBibs":false,"reassignBibs":false,"gateCompensation":true,"windCompensation":true},{"roundType":"Normal","outLimitType":"None","outLimit":-1,"useOrdRank":[true,true,true,false],"disableJudgesMarks":false,"has95Rule":true,"reversedBibs":false,"reassignBibs":false,"gateCompensation":true,"windCompensation":true}]},"ordRankType":"Classification","ordRankId":1,"qualRankType":"None","qualRankId":0,"inLimitType":"None","inLimit":0,"preQualRankType":"None","preQualRankId":0,"preQualLimitType":"None","preQualLimit":0},{"classifications":[0,1],"eventType":"Individual","hillId":"Ljubno HS94","hillSurface":"Snow","id":4,"roundInfos":{"name":"Individual2Rounds","roundInfos":[{"roundType":"Normal","outLimitType":"Normal","outLimit":30,"useOrdRank":[false,false,false,false],"disableJudgesMarks":false,"has95Rule":true,"reversedBibs":false,"reassignBibs":false,"gateCompensation":true,"windCompensation":true},{"roundType":"Normal","outLimitType":"None","outLimit":-1,"useOrdRank":[false,false,false,false],"disableJudgesMarks":false,"has95Rule":true,"reversedBibs":false,"reassignBibs":false,"gateCompensation":true,"windCompensation":true}]},"ordRankType":"Classification","ordRankId":0,"qualRankType":"Event","qualRankId":2,"inLimitType":"None","inLimit":0,"preQualRankType":"None","preQualRankId":0,"preQualLimitType":"None","preQualLimit":0},{"classifications":[],"eventType":"Individual","hillId":"Titisee-Neustadt HS142","hillSurface":"Snow","id":5,"roundInfos":{"name":"Qualification","roundInfos":[{"roundType":"Normal","outLimitType":"Normal","outLimit":50,"useOrdRank":[false,false,false,false],"disableJudgesMarks":false,"has95Rule":true,"reversedBibs":false,"reassignBibs":false,"gateCompensation":true,"windCompensation":true}]},"ordRankType":"Classification","ordRankId":0,"qualRankType":"None","qualRankId":0,"inLimitType":"None","inLimit":0,"preQualRankType":"None","preQualRankId":0,"preQualLimitType":"None","preQualLimit":0},{"classifications":[0,1],"eventType":"Individual","hillId":"Titisee-Neustadt HS142","hillSurface":"Snow","id":6,"roundInfos":{"name":"Individual2Rounds","roundInfos":[{"roundType":"Normal","outLimitType":"Normal","outLimit":30,"useOrdRank":[false,false,false,false],"disableJudgesMarks":false,"has95Rule":true,"reversedBibs":false,"reassignBibs":false,"gateCompensation":true,"windCompensation":true},{"roundType":"Normal","outLimitType":"None","outLimit":-1,"useOrdRank":[false,false,false,false],"disableJudgesMarks":false,"has95Rule":true,"reversedBibs":false,"reassignBibs":false,"gateCompensation":true,"windCompensation":true}]},"ordRankType":"Classification","ordRankId":0,"qualRankType":"Event","qualRankId":5,"inLimitType":"None","inLimit":0,"preQualRankType":"None","preQualRankId":0,"preQualLimitType":"None","preQualLimit":0},{"classifications":[0,1],"eventType":"Individual","hillId":"Titisee-Neustadt HS142","hillSurface":"Snow","id":7,"roundInfos":{"name":"Individual2Rounds","roundInfos":[{"roundType":"Normal","outLimitType":"Normal","outLimit":30,"useOrdRank":[false,false,false,false],"disableJudgesMarks":false,"has95Rule":true,"reversedBibs":false,"reassignBibs":false,"gateCompensation":true,"windCompensation":true},{"roundType":"Normal","outLimitType":"None","outLimit":-1,"useOrdRank":[false,false,false,false],"disableJudgesMarks":false,"has95Rule":true,"reversedBibs":false,"reassignBibs":false,"gateCompensation":true,"windCompensation":true}]},"ordRankType":"Classification","ordRankId":0,"qualRankType":"Event","qualRankId":5,"inLimitType":"None","inLimit":0,"preQualRankType":"None","preQualRankId":0,"preQualLimitType":"None","preQualLimit":0},{"classifications":[],"eventType":"Individual","hillId":"Hinzenbach HS90","hillSurface":"Snow","id":8,"roundInfos":{"name":"Qualification","roundInfos":[{"roundType":"Normal","outLimitType":"Normal","outLimit":50,"useOrdRank":[false,false,false,false],"disableJudgesMarks":false,"has95Rule":true,"reversedBibs":false,"reassignBibs":false,"gateCompensation":true,"windCompensation":true}]},"ordRankType":"Classification","ordRankId":0,"qualRankType":"None","qualRankId":0,"inLimitType":"None","inLimit":0,"preQualRankType":"None","preQualRankId":0,"preQualLimitType":"None","preQualLimit":0},{"classifications":[0,1],"eventType":"Individual","hillId":"Hinzenbach HS90","hillSurface":"Snow","id":9,"roundInfos":{"name":"Individual2Rounds","roundInfos":[{"roundType":"Normal","outLimitType":"Normal","outLimit":30,"useOrdRank":[false,false,false,false],"disableJudgesMarks":false,"has95Rule":true,"reversedBibs":false,"reassignBibs":false,"gateCompensation":true,"windCompensation":true},{"roundType":"Normal","outLimitType":"None","outLimit":-1,"useOrdRank":[false,false,false,false],"disableJudgesMarks":false,"has95Rule":true,"reversedBibs":false,"reassignBibs":false,"gateCompensation":true,"windCompensation":true}]},"ordRankType":"Classification","ordRankId":0,"qualRankType":"Event","qualRankId":8,"inLimitType":"None","inLimit":0,"preQualRankType":"None","preQualRankId":0,"preQualLimitType":"None","preQualLimit":0},{"classifications":[0,1],"eventType":"Individual","hillId":"Hinzenbach HS90","hillSurface":"Snow","id":10,"roundInfos":{"name":"Individual2Rounds","roundInfos":[{"roundType":"Normal","outLimitType":"Normal","outLimit":30,"useOrdRank":[false,false,false,false],"disableJudgesMarks":false,"has95Rule":true,"reversedBibs":false,"reassignBibs":false,"gateCompensation":true,"windCompensation":true},{"roundType":"Normal","outLimitType":"None","outLimit":-1,"useOrdRank":[false,false,false,false],"disableJudgesMarks":false,"has95Rule":true,"reversedBibs":false,"reassignBibs":false,"gateCompensation":true,"windCompensation":true}]},"ordRankType":"Classification","ordRankId":0,"qualRankType":"Event","qualRankId":8,"inLimitType":"None","inLimit":0,"preQualRankType":"None","preQualRankId":0,"preQualLimitType":"None","preQualLimit":0},{"classifications":[0,1],"eventType":"Individual","hillId":"Hinzenbach HS90","hillSurface":"Snow","id":11,"roundInfos":{"name":"Individual2Rounds","roundInfos":[{"roundType":"Normal","outLimitType":"Normal","outLimit":30,"useOrdRank":[false,false,false,false],"disableJudgesMarks":false,"has95Rule":true,"reversedBibs":false,"reassignBibs":false,"gateCompensation":true,"windCompensation":true},{"roundType":"Normal","outLimitType":"None","outLimit":-1,"useOrdRank":[false,false,false,false],"disableJudgesMarks":false,"has95Rule":true,"reversedBibs":false,"reassignBibs":false,"gateCompensation":true,"windCompensation":true}]},"ordRankType":"Classification","ordRankId":0,"qualRankType":"Event","qualRankId":8,"inLimitType":"None","inLimit":0,"preQualRankType":"None","preQualRankId":0,"preQualLimitType":"None","preQualLimit":0},{"classifications":[],"eventType":"Individual","hillId":"Rasnov HS97","hillSurface":"Snow","id":12,"roundInfos":{"name":"Qualification","roundInfos":[{"roundType":"Normal","outLimitType":"Normal","outLimit":50,"useOrdRank":[false,false,false,false],"disableJudgesMarks":false,"has95Rule":true,"reversedBibs":false,"reassignBibs":false,"gateCompensation":true,"windCompensation":true}]},"ordRankType":"Classification","ordRankId":0,"qualRankType":"None","qualRankId":0,"inLimitType":"None","inLimit":0,"preQualRankType":"None","preQualRankId":0,"preQualLimitType":"None","preQualLimit":0},{"classifications":[0,1],"eventType":"Individual","hillId":"Rasnov HS97","hillSurface":"Snow","id":13,"roundInfos":{"name":"Individual2Rounds","roundInfos":[{"roundType":"Normal","outLimitType":"Normal","outLimit":30,"useOrdRank":[false,false,false,false],"disableJudgesMarks":false,"has95Rule":true,"reversedBibs":false,"reassignBibs":false,"gateCompensation":true,"windCompensation":true},{"roundType":"Normal","outLimitType":"None","outLimit":-1,"useOrdRank":[false,false,false,false],"disableJudgesMarks":false,"has95Rule":true,"reversedBibs":false,"reassignBibs":false,"gateCompensation":true,"windCompensation":true}]},"ordRankType":"Classification","ordRankId":0,"qualRankType":"Event","qualRankId":12,"inLimitType":"None","inLimit":0,"preQualRankType":"None","preQualRankId":0,"preQualLimitType":"None","preQualLimit":0},{"classifications":[0,1],"eventType":"Individual","hillId":"Rasnov HS97","hillSurface":"Snow","id":14,"roundInfos":{"name":"Individual2Rounds","roundInfos":[{"roundType":"Normal","outLimitType":"Normal","outLimit":30,"useOrdRank":[false,false,false,false],"disableJudgesMarks":false,"has95Rule":true,"reversedBibs":false,"reassignBibs":false,"gateCompensation":true,"windCompensation":true},{"roundType":"Normal","outLimitType":"None","outLimit":-1,"useOrdRank":[false,false,false,false],"disableJudgesMarks":false,"has95Rule":true,"reversedBibs":false,"reassignBibs":false,"gateCompensation":true,"windCompensation":true}]},"ordRankType":"Classification","ordRankId":0,"qualRankType":"Event","qualRankId":12,"inLimitType":"None","inLimit":0,"preQualRankType":"None","preQualRankId":0,"preQualLimitType":"None","preQualLimit":0},{"classifications":[1],"eventType":"Team","hillId":"Rasnov HS97","hillSurface":"Snow","id":15,"roundInfos":{"name":"Team2Rounds","roundInfos":[{"roundType":"Normal","outLimitType":"Normal","outLimit":8,"useOrdRank":[true,true,true,true],"disableJudgesMarks":false,"has95Rule":true,"reversedBibs":false,"reassignBibs":false,"gateCompensation":true,"windCompensation":true},{"roundType":"Normal","outLimitType":"None","outLimit":-1,"useOrdRank":[true,true,true,false],"disableJudgesMarks":false,"has95Rule":true,"reversedBibs":false,"reassignBibs":false,"gateCompensation":true,"windCompensation":true}]},"ordRankType":"Classification","ordRankId":1,"qualRankType":"None","qualRankId":0,"inLimitType":"None","inLimit":0,"preQualRankType":"None","preQualRankId":0,"preQualLimitType":"None","preQualLimit":0},{"classifications":[],"eventType":"Individual","hillId":"Oberstdorf HS106","hillSurface":"Snow","id":16,"roundInfos":{"name":"Qualification","roundInfos":[{"roundType":"Normal","outLimitType":"Normal","outLimit":50,"useOrdRank":[false,false,false,false],"disableJudgesMarks":false,"has95Rule":true,"reversedBibs":false,"reassignBibs":false,"gateCompensation":true,"windCompensation":true}]},"ordRankType":"Classification","ordRankId":0,"qualRankType":"None","qualRankId":0,"inLimitType":"None","inLimit":0,"preQualRankType":"None","preQualRankId":0,"preQualLimitType":"None","preQualLimit":0},{"classifications":[3],"eventType":"Individual","hillId":"Oberstdorf HS106","hillSurface":"Snow","id":17,"roundInfos":{"name":"Individual2Rounds","roundInfos":[{"roundType":"Normal","outLimitType":"Normal","outLimit":30,"useOrdRank":[false,false,false,false],"disableJudgesMarks":false,"has95Rule":true,"reversedBibs":false,"reassignBibs":false,"gateCompensation":true,"windCompensation":true},{"roundType":"Normal","outLimitType":"None","outLimit":-1,"useOrdRank":[false,false,false,false],"disableJudgesMarks":false,"has95Rule":true,"reversedBibs":false,"reassignBibs":false,"gateCompensation":true,"windCompensation":true}]},"ordRankType":"Classification","ordRankId":0,"qualRankType":"Event","qualRankId":16,"inLimitType":"None","inLimit":0,"preQualRankType":"None","preQualRankId":0,"preQualLimitType":"None","preQualLimit":0},{"classifications":[5],"eventType":"Team","hillId":"Oberstdorf HS106","hillSurface":"Snow","id":18,"roundInfos":{"name":"Team2Rounds","roundInfos":[{"roundType":"Normal","outLimitType":"Normal","outLimit":8,"useOrdRank":[true,true,true,true],"disableJudgesMarks":false,"has95Rule":true,"reversedBibs":false,"reassignBibs":false,"gateCompensation":true,"windCompensation":true},{"roundType":"Normal","outLimitType":"None","outLimit":-1,"useOrdRank":[true,true,true,false],"disableJudgesMarks":false,"has95Rule":true,"reversedBibs":false,"reassignBibs":false,"gateCompensation":true,"windCompensation":true}]},"ordRankType":"Classification","ordRankId":1,"qualRankType":"None","qualRankId":0,"inLimitType":"None","inLimit":0,"preQualRankType":"None","preQualRankId":0,"preQualLimitType":"None","preQualLimit":0},{"classifications":[],"eventType":"Individual","hillId":"Oberstdorf HS137","hillSurface":"Snow","id":19,"roundInfos":{"name":"Qualification","roundInfos":[{"roundType":"Normal","outLimitType":"Normal","outLimit":50,"useOrdRank":[false,false,false,false],"disableJudgesMarks":false,"has95Rule":true,"reversedBibs":false,"reassignBibs":false,"gateCompensation":true,"windCompensation":true}]},"ordRankType":"Classification","ordRankId":0,"qualRankType":"None","qualRankId":0,"inLimitType":"None","inLimit":0,"preQualRankType":"None","preQualRankId":0,"preQualLimitType":"None","preQualLimit":0},{"classifications":[4],"eventType":"Individual","hillId":"Oberstdorf HS137","hillSurface":"Snow","id":20,"roundInfos":{"name":"Individual2Rounds","roundInfos":[{"roundType":"Normal","outLimitType":"Normal","outLimit":30,"useOrdRank":[false,false,false,false],"disableJudgesMarks":false,"has95Rule":true,"reversedBibs":false,"reassignBibs":false,"gateCompensation":true,"windCompensation":true},{"roundType":"Normal","outLimitType":"None","outLimit":-1,"useOrdRank":[false,false,false,false],"disableJudgesMarks":false,"has95Rule":true,"reversedBibs":false,"reassignBibs":false,"gateCompensation":true,"windCompensation":true}]},"ordRankType":"Classification","ordRankId":0,"qualRankType":"Event","qualRankId":19,"inLimitType":"None","inLimit":0,"preQualRankType":"None","preQualRankId":0,"preQualLimitType":"None","preQualLimit":0},{"classifications":[],"eventType":"Individual","hillId":"Nizhny Tagil HS97","hillSurface":"Snow","id":21,"roundInfos":{"name":"Qualification","roundInfos":[{"roundType":"Normal","outLimitType":"Normal","outLimit":50,"useOrdRank":[false,false,false,false],"disableJudgesMarks":false,"has95Rule":true,"reversedBibs":false,"reassignBibs":false,"gateCompensation":true,"windCompensation":true}]},"ordRankType":"Classification","ordRankId":0,"qualRankType":"None","qualRankId":0,"inLimitType":"None","inLimit":0,"preQualRankType":"None","preQualRankId":0,"preQualLimitType":"None","preQualLimit":0},{"classifications":[2],"eventType":"Individual","hillId":"Nizhny Tagil HS97","hillSurface":"Snow","id":22,"roundInfos":{"name":"Individual2Rounds","roundInfos":[{"roundType":"Normal","outLimitType":"Normal","outLimit":30,"useOrdRank":[false,false,false,false],"disableJudgesMarks":false,"has95Rule":true,"reversedBibs":false,"reassignBibs":false,"gateCompensation":true,"windCompensation":true},{"roundType":"Normal","outLimitType":"None","outLimit":-1,"useOrdRank":[false,false,false,false],"disableJudgesMarks":false,"has95Rule":true,"reversedBibs":false,"reassignBibs":false,"gateCompensation":true,"windCompensation":true}]},"ordRankType":"Classification","ordRankId":0,"qualRankType":"Event","qualRankId":21,"inLimitType":"None","inLimit":0,"preQualRankType":"None","preQualRankId":0,"preQualLimitType":"None","preQualLimit":0},{"classifications":[],"eventType":"Individual","hillId":"Nizhny Tagil HS97","hillSurface":"Snow","id":23,"roundInfos":{"name":"Qualification","roundInfos":[{"roundType":"Normal","outLimitType":"Normal","outLimit":50,"useOrdRank":[false,false,false,false],"disableJudgesMarks":false,"has95Rule":true,"reversedBibs":false,"reassignBibs":false,"gateCompensation":true,"windCompensation":true}]},"ordRankType":"Classification","ordRankId":0,"qualRankType":"None","qualRankId":0,"inLimitType":"None","inLimit":0,"preQualRankType":"None","preQualRankId":0,"preQualLimitType":"None","preQualLimit":0},{"classifications":[2],"eventType":"Individual","hillId":"Nizhny Tagil HS97","hillSurface":"Snow","id":24,"roundInfos":{"name":"Individual2Rounds","roundInfos":[{"roundType":"Normal","outLimitType":"Normal","outLimit":30,"useOrdRank":[false,false,false,false],"disableJudgesMarks":false,"has95Rule":true,"reversedBibs":false,"reassignBibs":false,"gateCompensation":true,"windCompensation":true},{"roundType":"Normal","outLimitType":"None","outLimit":-1,"useOrdRank":[false,false,false,false],"disableJudgesMarks":false,"has95Rule":true,"reversedBibs":false,"reassignBibs":false,"gateCompensation":true,"windCompensation":true}]},"ordRankType":"Classification","ordRankId":0,"qualRankType":"Event","qualRankId":23,"inLimitType":"None","inLimit":0,"preQualRankType":"None","preQualRankId":0,"preQualLimitType":"None","preQualLimit":0},{"classifications":[],"eventType":"Individual","hillId":"Chaikovsky HS102","hillSurface":"Snow","id":25,"roundInfos":{"name":"Qualification","roundInfos":[{"roundType":"Normal","outLimitType":"Normal","outLimit":50,"useOrdRank":[false,false,false,false],"disableJudgesMarks":false,"has95Rule":true,"reversedBibs":false,"reassignBibs":false,"gateCompensation":true,"windCompensation":true}]},"ordRankType":"Classification","ordRankId":0,"qualRankType":"None","qualRankId":0,"inLimitType":"None","inLimit":0,"preQualRankType":"None","preQualRankId":0,"preQualLimitType":"None","preQualLimit":0},{"classifications":[2],"eventType":"Individual","hillId":"Chaikovsky HS102","hillSurface":"Snow","id":26,"roundInfos":{"name":"Individual2Rounds","roundInfos":[{"roundType":"Normal","outLimitType":"Normal","outLimit":30,"useOrdRank":[false,false,false,false],"disableJudgesMarks":false,"has95Rule":true,"reversedBibs":false,"reassignBibs":false,"gateCompensation":true,"windCompensation":true},{"roundType":"Normal","outLimitType":"None","outLimit":-1,"useOrdRank":[false,false,false,false],"disableJudgesMarks":false,"has95Rule":true,"reversedBibs":false,"reassignBibs":false,"gateCompensation":true,"windCompensation":true}]},"ordRankType":"Classification","ordRankId":0,"qualRankType":"Event","qualRankId":25,"inLimitType":"None","inLimit":0,"preQualRankType":"None","preQualRankId":0,"preQualLimitType":"None","preQualLimit":0},{"classifications":[2],"eventType":"Team","hillId":"Chaikovsky HS102","hillSurface":"Snow","id":27,"roundInfos":{"name":"Team2Rounds","roundInfos":[{"roundType":"Normal","outLimitType":"Normal","outLimit":8,"useOrdRank":[true,true,true,true],"disableJudgesMarks":false,"has95Rule":true,"reversedBibs":false,"reassignBibs":false,"gateCompensation":true,"windCompensation":true},{"roundType":"Normal","outLimitType":"None","outLimit":-1,"useOrdRank":[true,true,true,false],"disableJudgesMarks":false,"has95Rule":true,"reversedBibs":false,"reassignBibs":false,"gateCompensation":true,"windCompensation":true}]},"ordRankType":"Classification","ordRankId":1,"qualRankType":"None","qualRankId":25,"inLimitType":"None","inLimit":0,"preQualRankType":"None","preQualRankId":0,"preQualLimitType":"None","preQualLimit":0},{"classifications":[2],"eventType":"Individual","hillId":"Chaikovsky HS140","hillSurface":"Snow","id":28,"roundInfos":{"name":"Individual2Rounds","roundInfos":[{"roundType":"Normal","outLimitType":"Normal","outLimit":30,"useOrdRank":[false,false,false,false],"disableJudgesMarks":false,"has95Rule":true,"reversedBibs":false,"reassignBibs":false,"gateCompensation":true,"windCompensation":true},{"roundType":"Normal","outLimitType":"None","outLimit":-1,"useOrdRank":[false,false,false,false],"disableJudgesMarks":false,"has95Rule":true,"reversedBibs":false,"reassignBibs":false,"gateCompensation":true,"windCompensation":true}]},"ordRankType":"Classification","ordRankId":0,"qualRankType":"Classification","qualRankId":0,"inLimitType":"Normal","inLimit":30,"preQualRankType":"None","preQualRankId":0,"preQualLimitType":"None","preQualLimit":0}]}]