[
  {
    "id": "GER-F-Würth-Svenja#0",
    "lastName": "Würth",
    "firstName": "Svenja",
    "countryCode": "GER",
    "gender": "Female",
    "birthdate": "1999-08-22T00:00:00",
    "imagePath": "Wuerth.png",
    "helmetColor": "000000",
    "suitTopFrontColor": "000000",
    "suitTopBackColor": "000000",
    "suitBottomFrontColor": "000000",
    "suitBottomBackColor": "000000",
    "skisColor": "000000"
  },
  {
    "id": "GER-F-Vogt-Carina#0",
    "lastName": "Vogt",
    "firstName": "Carina",
    "countryCode": "GER",
    "gender": "Female",
    "birthdate": "1999-08-22T00:00:00",
    "imagePath": "Vogt.png",
    "helmetColor": "000000",
    "suitTopFrontColor": "000000",
    "suitTopBackColor": "000000",
    "suitBottomFrontColor": "000000",
    "suitBottomBackColor": "000000",
    "skisColor": "000000"
  },
  {
    "id": "SWE-F-Westman-Frida#0",
    "lastName": "Westman",
    "firstName": "Frida",
    "countryCode": "SWE",
    "gender": "Female",
    "birthdate": "1999-08-22T00:00:00",
    "imagePath": "Westman.png",
    "helmetColor": "000000",
    "suitTopFrontColor": "000000",
    "suitTopBackColor": "000000",
    "suitBottomFrontColor": "000000",
    "suitBottomBackColor": "000000",
    "skisColor": "000000"
  },
  {
    "id": "USA-F-Hoffmann-Anna#0",
    "lastName": "Hoffmann",
    "firstName": "Anna",
    "countryCode": "USA",
    "gender": "Female",
    "birthdate": "1999-08-22T00:00:00",
    "imagePath": "Hoffmann.png",
    "helmetColor": "000000",
    "suitTopFrontColor": "000000",
    "suitTopBackColor": "000000",
    "suitBottomFrontColor": "000000",
    "suitBottomBackColor": "000000",
    "skisColor": "000000"
  },
  {
    "id": "SWE-F-Norstedt-Astrid#0",
    "lastName": "Norstedt",
    "firstName": "Astrid",
    "countryCode": "SWE",
    "gender": "Female",
    "birthdate": "1999-08-22T00:00:00",
    "imagePath": "Norstedt.png",
    "helmetColor": "000000",
    "suitTopFrontColor": "000000",
    "suitTopBackColor": "000000",
    "suitBottomFrontColor": "000000",
    "suitBottomBackColor": "000000",
    "skisColor": "000000"
  },
  {
    "id": "AUT-F-Iraschko-Stolz-Daniela#0",
    "lastName": "Iraschko-Stolz",
    "firstName": "Daniela",
    "countryCode": "AUT",
    "gender": "Female",
    "birthdate": "1999-08-22T00:00:00",
    "imagePath": "Iraschko.png",
    "helmetColor": "000000",
    "suitTopFrontColor": "000000",
    "suitTopBackColor": "000000",
    "suitBottomFrontColor": "000000",
    "suitBottomBackColor": "000000",
    "skisColor": "000000"
  },
  {
    "id": "GER-F-Seyfarth-Juliane#0",
    "lastName": "Seyfarth",
    "firstName": "Juliane",
    "countryCode": "GER",
    "gender": "Female",
    "birthdate": "1999-08-22T00:00:00",
    "imagePath": "Seyfarth.png",
    "helmetColor": "000000",
    "suitTopFrontColor": "000000",
    "suitTopBackColor": "000000",
    "suitBottomFrontColor": "000000",
    "suitBottomBackColor": "000000",
    "skisColor": "000000"
  },
  {
    "id": "GER-F-Rupprecht-Anna#0",
    "lastName": "Rupprecht",
    "firstName": "Anna",
    "countryCode": "GER",
    "gender": "Female",
    "birthdate": "1999-08-22T00:00:00",
    "imagePath": "Rupprecht.png",
    "helmetColor": "000000",
    "suitTopFrontColor": "000000",
    "suitTopBackColor": "000000",
    "suitBottomFrontColor": "000000",
    "suitBottomBackColor": "000000",
    "skisColor": "000000"
  },
  {
    "id": "CAN-F-Maurer-Nicole#0",
    "lastName": "Maurer",
    "firstName": "Nicole",
    "countryCode": "CAN",
    "gender": "Female",
    "birthdate": "1999-08-22T00:00:00",
    "imagePath": "",
    "helmetColor": "000000",
    "suitTopFrontColor": "000000",
    "suitTopBackColor": "000000",
    "suitBottomFrontColor": "000000",
    "suitBottomBackColor": "000000",
    "skisColor": "000000"
  },
  {
    "id": "USA-F-Geraghty-Moats-Tara#0",
    "lastName": "Geraghty-Moats",
    "firstName": "Tara",
    "countryCode": "USA",
    "gender": "Female",
    "birthdate": "1999-08-22T00:00:00",
    "imagePath": "Geraghty-Moats.png",
    "helmetColor": "000000",
    "suitTopFrontColor": "000000",
    "suitTopBackColor": "000000",
    "suitBottomFrontColor": "000000",
    "suitBottomBackColor": "000000",
    "skisColor": "000000"
  },
  {
    "id": "POL-F-Twardosz-Anna#0",
    "lastName": "Twardosz",
    "firstName": "Anna",
    "countryCode": "POL",
    "gender": "Female",
    "birthdate": "1999-08-22T00:00:00",
    "imagePath": "Twardosz.png",
    "helmetColor": "000000",
    "suitTopFrontColor": "000000",
    "suitTopBackColor": "000000",
    "suitBottomFrontColor": "000000",
    "suitBottomBackColor": "000000",
    "skisColor": "000000"
  },
  {
    "id": "AUT-F-Wiegele-Hannah#0",
    "lastName": "Wiegele",
    "firstName": "Hannah",
    "countryCode": "AUT",
    "gender": "Female",
    "birthdate": "1999-08-22T00:00:00",
    "imagePath": "Wiegele.png",
    "helmetColor": "000000",
    "suitTopFrontColor": "000000",
    "suitTopBackColor": "000000",
    "suitBottomFrontColor": "000000",
    "suitBottomBackColor": "000000",
    "skisColor": "000000"
  },
  {
    "id": "ROU-F-Haralambie-Daniela#0",
    "lastName": "Haralambie",
    "firstName": "Daniela",
    "countryCode": "ROU",
    "gender": "Female",
    "birthdate": "1999-08-22T00:00:00",
    "imagePath": "",
    "helmetColor": "000000",
    "suitTopFrontColor": "000000",
    "suitTopBackColor": "000000",
    "suitBottomFrontColor": "000000",
    "suitBottomBackColor": "000000",
    "skisColor": "000000"
  },
  {
    "id": "FIN-F-Kykkänen-Julia#0",
    "lastName": "Kykkänen",
    "firstName": "Julia",
    "countryCode": "FIN",
    "gender": "Female",
    "birthdate": "1999-08-22T00:00:00",
    "imagePath": "Kykkaenen.png",
    "helmetColor": "000000",
    "suitTopFrontColor": "000000",
    "suitTopBackColor": "000000",
    "suitBottomFrontColor": "000000",
    "suitBottomBackColor": "000000",
    "skisColor": "000000"
  },
  {
    "id": "JPN-F-Maruyama-Nozomi#0",
    "lastName": "Maruyama",
    "firstName": "Nozomi",
    "countryCode": "JPN",
    "gender": "Female",
    "birthdate": "1999-08-22T00:00:00",
    "imagePath": "Maruyama.png",
    "helmetColor": "000000",
    "suitTopFrontColor": "000000",
    "suitTopBackColor": "000000",
    "suitBottomFrontColor": "000000",
    "suitBottomBackColor": "000000",
    "skisColor": "000000"
  },
  {
    "id": "USA-F-Belshaw-Annika#0",
    "lastName": "Belshaw",
    "firstName": "Annika",
    "countryCode": "USA",
    "gender": "Female",
    "birthdate": "1999-08-22T00:00:00",
    "imagePath": "Belshaw.png",
    "helmetColor": "000000",
    "suitTopFrontColor": "000000",
    "suitTopBackColor": "000000",
    "suitBottomFrontColor": "000000",
    "suitBottomBackColor": "000000",
    "skisColor": "000000"
  },
  {
    "id": "GER-F-Reisch-Agnes#0",
    "lastName": "Reisch",
    "firstName": "Agnes",
    "countryCode": "GER",
    "gender": "Female",
    "birthdate": "1999-08-22T00:00:00",
    "imagePath": "Reisch.png",
    "helmetColor": "000000",
    "suitTopFrontColor": "000000",
    "suitTopBackColor": "000000",
    "suitBottomFrontColor": "000000",
    "suitBottomBackColor": "000000",
    "skisColor": "000000"
  },
  {
    "id": "RUS-F-Tikhonova-Sofja#0",
    "lastName": "Tikhonova",
    "firstName": "Sofja",
    "countryCode": "RUS",
    "gender": "Female",
    "birthdate": "1999-08-22T00:00:00",
    "imagePath": "Tikhonova.png",
    "helmetColor": "000000",
    "suitTopFrontColor": "000000",
    "suitTopBackColor": "000000",
    "suitBottomFrontColor": "000000",
    "suitBottomBackColor": "000000",
    "skisColor": "000000"
  },
  {
    "id": "ITA-F-Malsiner-Manuela#0",
    "lastName": "Malsiner",
    "firstName": "Manuela",
    "countryCode": "ITA",
    "gender": "Female",
    "birthdate": "1999-08-22T00:00:00",
    "imagePath": "Malsiner.png",
    "helmetColor": "000000",
    "suitTopFrontColor": "000000",
    "suitTopBackColor": "000000",
    "suitBottomFrontColor": "000000",
    "suitBottomBackColor": "000000",
    "skisColor": "000000"
  },
  {
    "id": "JPN-F-Itō-Yūki#0",
    "lastName": "Itō",
    "firstName": "Yūki",
    "countryCode": "JPN",
    "gender": "Female",
    "birthdate": "1999-08-22T00:00:00",
    "imagePath": "y ito.png",
    "helmetColor": "000000",
    "suitTopFrontColor": "000000",
    "suitTopBackColor": "000000",
    "suitBottomFrontColor": "000000",
    "suitBottomBackColor": "000000",
    "skisColor": "000000"
  },
  {
    "id": "CZE-F-Pešatová-Zdena#0",
    "lastName": "Pešatová",
    "firstName": "Zdena",
    "countryCode": "CZE",
    "gender": "Female",
    "birthdate": "1999-08-22T00:00:00",
    "imagePath": "Pesatova.png",
    "helmetColor": "000000",
    "suitTopFrontColor": "000000",
    "suitTopBackColor": "000000",
    "suitBottomFrontColor": "000000",
    "suitBottomBackColor": "000000",
    "skisColor": "000000"
  },
  {
    "id": "CAN-F-Loutitt-Alexandria#0",
    "lastName": "Loutitt",
    "firstName": "Alexandria",
    "countryCode": "CAN",
    "gender": "Female",
    "birthdate": "1999-08-22T00:00:00",
    "imagePath": "",
    "helmetColor": "000000",
    "suitTopFrontColor": "000000",
    "suitTopBackColor": "000000",
    "suitBottomFrontColor": "000000",
    "suitBottomBackColor": "000000",
    "skisColor": "000000"
  },
  {
    "id": "SLO-F-Rogelj-Špela#0",
    "lastName": "Rogelj",
    "firstName": "Špela",
    "countryCode": "SLO",
    "gender": "Female",
    "birthdate": "1999-08-22T00:00:00",
    "imagePath": "Rogelj.png",
    "helmetColor": "000000",
    "suitTopFrontColor": "000000",
    "suitTopBackColor": "000000",
    "suitBottomFrontColor": "000000",
    "suitBottomBackColor": "000000",
    "skisColor": "000000"
  },
  {
    "id": "CZE-F-Ptáčková-Štěpánka#0",
    "lastName": "Ptáčková",
    "firstName": "Štěpánka",
    "countryCode": "CZE",
    "gender": "Female",
    "birthdate": "1999-08-22T00:00:00",
    "imagePath": "Ptackova.png",
    "helmetColor": "000000",
    "suitTopFrontColor": "000000",
    "suitTopBackColor": "000000",
    "suitBottomFrontColor": "000000",
    "suitBottomBackColor": "000000",
    "skisColor": "000000"
  },
  {
    "id": "SLO-F-Markuta-Katja#0",
    "lastName": "Markuta",
    "firstName": "Katja",
    "countryCode": "SLO",
    "gender": "Female",
    "birthdate": "1999-08-22T00:00:00",
    "imagePath": "Markuta.png",
    "helmetColor": "000000",
    "suitTopFrontColor": "000000",
    "suitTopBackColor": "000000",
    "suitBottomFrontColor": "000000",
    "suitBottomBackColor": "000000",
    "skisColor": "000000"
  },
  {
    "id": "FRA-F-Pagnier-Joséphine#0",
    "lastName": "Pagnier",
    "firstName": "Joséphine",
    "countryCode": "FRA",
    "gender": "Female",
    "birthdate": "1999-08-22T00:00:00",
    "imagePath": "PagnierJosephine.png",
    "helmetColor": "000000",
    "suitTopFrontColor": "000000",
    "suitTopBackColor": "000000",
    "suitBottomFrontColor": "000000",
    "suitBottomBackColor": "000000",
    "skisColor": "000000"
  },
  {
    "id": "SLO-F-Vtic-Maja#0",
    "lastName": "Vtic",
    "firstName": "Maja",
    "countryCode": "SLO",
    "gender": "Female",
    "birthdate": "1999-08-22T00:00:00",
    "imagePath": "Vtic.png",
    "helmetColor": "000000",
    "suitTopFrontColor": "000000",
    "suitTopBackColor": "000000",
    "suitBottomFrontColor": "000000",
    "suitBottomBackColor": "000000",
    "skisColor": "000000"
  },
  {
    "id": "CZE-F-Jenčová-Veronika#0",
    "lastName": "Jenčová",
    "firstName": "Veronika",
    "countryCode": "CZE",
    "gender": "Female",
    "birthdate": "1999-08-22T00:00:00",
    "imagePath": "Jencova.png",
    "helmetColor": "000000",
    "suitTopFrontColor": "000000",
    "suitTopBackColor": "000000",
    "suitBottomFrontColor": "000000",
    "suitBottomBackColor": "000000",
    "skisColor": "000000"
  },
  {
    "id": "SLO-F-Mazi-Pia#0",
    "lastName": "Mazi",
    "firstName": "Pia",
    "countryCode": "SLO",
    "gender": "Female",
    "birthdate": "1999-08-22T00:00:00",
    "imagePath": "Mazi.png",
    "helmetColor": "000000",
    "suitTopFrontColor": "000000",
    "suitTopBackColor": "000000",
    "suitBottomFrontColor": "000000",
    "suitBottomBackColor": "000000",
    "skisColor": "000000"
  },
  {
    "id": "SLO-F-Logar-Lara#0",
    "lastName": "Logar",
    "firstName": "Lara",
    "countryCode": "SLO",
    "gender": "Female",
    "birthdate": "1999-08-22T00:00:00",
    "imagePath": "Logar.png",
    "helmetColor": "000000",
    "suitTopFrontColor": "000000",
    "suitTopBackColor": "000000",
    "suitBottomFrontColor": "000000",
    "suitBottomBackColor": "000000",
    "skisColor": "000000"
  },
  {
    "id": "FRA-F-Morat-Lucile#0",
    "lastName": "Morat",
    "firstName": "Lucile",
    "countryCode": "FRA",
    "gender": "Female",
    "birthdate": "1999-08-22T00:00:00",
    "imagePath": "MORAT.PNG",
    "helmetColor": "000000",
    "suitTopFrontColor": "000000",
    "suitTopBackColor": "000000",
    "suitBottomFrontColor": "000000",
    "suitBottomBackColor": "000000",
    "skisColor": "000000"
  },
  {
    "id": "RUS-F-Szpyniowa-Anna#0",
    "lastName": "Szpyniowa",
    "firstName": "Anna",
    "countryCode": "RUS",
    "gender": "Female",
    "birthdate": "1999-08-22T00:00:00",
    "imagePath": "Szpyniowa.png",
    "helmetColor": "000000",
    "suitTopFrontColor": "000000",
    "suitTopBackColor": "000000",
    "suitBottomFrontColor": "000000",
    "suitBottomBackColor": "000000",
    "skisColor": "000000"
  },
  {
    "id": "FRA-F-Clair-Julia#0",
    "lastName": "Clair",
    "firstName": "Julia",
    "countryCode": "FRA",
    "gender": "Female",
    "birthdate": "1999-08-22T00:00:00",
    "imagePath": "Clair.PNG",
    "helmetColor": "000000",
    "suitTopFrontColor": "000000",
    "suitTopBackColor": "000000",
    "suitBottomFrontColor": "000000",
    "suitBottomBackColor": "000000",
    "skisColor": "000000"
  },
  {
    "id": "AUT-F-Hölzl-Chiara#0",
    "lastName": "Hölzl",
    "firstName": "Chiara",
    "countryCode": "AUT",
    "gender": "Female",
    "birthdate": "1999-08-22T00:00:00",
    "imagePath": "Hoelzl.png",
    "helmetColor": "000000",
    "suitTopFrontColor": "000000",
    "suitTopBackColor": "000000",
    "suitBottomFrontColor": "000000",
    "suitBottomBackColor": "000000",
    "skisColor": "000000"
  },
  {
    "id": "CAN-F-Eilers-Natalie#0",
    "lastName": "Eilers",
    "firstName": "Natalie",
    "countryCode": "CAN",
    "gender": "Female",
    "birthdate": "1999-08-22T00:00:00",
    "imagePath": "",
    "helmetColor": "000000",
    "suitTopFrontColor": "000000",
    "suitTopBackColor": "000000",
    "suitBottomFrontColor": "000000",
    "suitBottomBackColor": "000000",
    "skisColor": "000000"
  },
  {
    "id": "CZE-F-Indráčková-Karolína#0",
    "lastName": "Indráčková",
    "firstName": "Karolína",
    "countryCode": "CZE",
    "gender": "Female",
    "birthdate": "1999-08-22T00:00:00",
    "imagePath": "Indrackova.png",
    "helmetColor": "000000",
    "suitTopFrontColor": "000000",
    "suitTopBackColor": "000000",
    "suitBottomFrontColor": "000000",
    "suitBottomBackColor": "000000",
    "skisColor": "000000"
  },
  {
    "id": "RUS-F-Subbotina-Anastasija#0",
    "lastName": "Subbotina",
    "firstName": "Anastasija",
    "countryCode": "RUS",
    "gender": "Female",
    "birthdate": "1999-08-22T00:00:00",
    "imagePath": "Subbotina.png",
    "helmetColor": "000000",
    "suitTopFrontColor": "000000",
    "suitTopBackColor": "000000",
    "suitBottomFrontColor": "000000",
    "suitBottomBackColor": "000000",
    "skisColor": "000000"
  },
  {
    "id": "CAN-F-Bodnarchuk-Natasha#0",
    "lastName": "Bodnarchuk",
    "firstName": "Natasha",
    "countryCode": "CAN",
    "gender": "Female",
    "birthdate": "1999-08-22T00:00:00",
    "imagePath": "",
    "helmetColor": "000000",
    "suitTopFrontColor": "000000",
    "suitTopBackColor": "000000",
    "suitBottomFrontColor": "000000",
    "suitBottomBackColor": "000000",
    "skisColor": "000000"
  },
  {
    "id": "SLO-F-Kriznar-Nika#0",
    "lastName": "Kriznar",
    "firstName": "Nika",
    "countryCode": "SLO",
    "gender": "Female",
    "birthdate": "1999-08-22T00:00:00",
    "imagePath": "Kriznar.png",
    "helmetColor": "000000",
    "suitTopFrontColor": "000000",
    "suitTopBackColor": "000000",
    "suitBottomFrontColor": "000000",
    "suitBottomBackColor": "000000",
    "skisColor": "000000"
  },
  {
    "id": "USA-F-Sankey-Logan#0",
    "lastName": "Sankey",
    "firstName": "Logan",
    "countryCode": "USA",
    "gender": "Female",
    "birthdate": "1999-08-22T00:00:00",
    "imagePath": "Sankey.png",
    "helmetColor": "000000",
    "suitTopFrontColor": "000000",
    "suitTopBackColor": "000000",
    "suitBottomFrontColor": "000000",
    "suitBottomBackColor": "000000",
    "skisColor": "000000"
  },
  {
    "id": "RUS-F-Avvakumova-Irina#0",
    "lastName": "Avvakumova",
    "firstName": "Irina",
    "countryCode": "RUS",
    "gender": "Female",
    "birthdate": "1999-08-22T00:00:00",
    "imagePath": "Avvakumova.png",
    "helmetColor": "000000",
    "suitTopFrontColor": "000000",
    "suitTopBackColor": "000000",
    "suitBottomFrontColor": "000000",
    "suitBottomBackColor": "000000",
    "skisColor": "000000"
  },
  {
    "id": "FIN-F-Tervahartiala-Julia#0",
    "lastName": "Tervahartiala",
    "firstName": "Julia",
    "countryCode": "FIN",
    "gender": "Female",
    "birthdate": "1999-08-22T00:00:00",
    "imagePath": "Tervahartiala.png",
    "helmetColor": "000000",
    "suitTopFrontColor": "000000",
    "suitTopBackColor": "000000",
    "suitBottomFrontColor": "000000",
    "suitBottomBackColor": "000000",
    "skisColor": "000000"
  },
  {
    "id": "GER-F-Freitag-Selina#0",
    "lastName": "Freitag",
    "firstName": "Selina",
    "countryCode": "GER",
    "gender": "Female",
    "birthdate": "1999-08-22T00:00:00",
    "imagePath": "s freitag.png",
    "helmetColor": "000000",
    "suitTopFrontColor": "000000",
    "suitTopBackColor": "000000",
    "suitBottomFrontColor": "000000",
    "suitBottomBackColor": "000000",
    "skisColor": "000000"
  },
  {
    "id": "CAN-F-Strate-Abigail#0",
    "lastName": "Strate",
    "firstName": "Abigail",
    "countryCode": "CAN",
    "gender": "Female",
    "birthdate": "1999-08-22T00:00:00",
    "imagePath": "",
    "helmetColor": "000000",
    "suitTopFrontColor": "000000",
    "suitTopBackColor": "000000",
    "suitBottomFrontColor": "000000",
    "suitBottomBackColor": "000000",
    "skisColor": "000000"
  },
  {
    "id": "NOR-F-Berger-Frida#0",
    "lastName": "Berger",
    "firstName": "Frida",
    "countryCode": "NOR",
    "gender": "Female",
    "birthdate": "1999-08-22T00:00:00",
    "imagePath": "Berger.png",
    "helmetColor": "000000",
    "suitTopFrontColor": "000000",
    "suitTopBackColor": "000000",
    "suitBottomFrontColor": "000000",
    "suitBottomBackColor": "000000",
    "skisColor": "000000"
  },
  {
    "id": "FRA-F-Gros-Océane_Avocat#0",
    "lastName": "Gros",
    "firstName": "Océane Avocat",
    "countryCode": "FRA",
    "gender": "Female",
    "birthdate": "1999-08-22T00:00:00",
    "imagePath": "Gros.PNG",
    "helmetColor": "000000",
    "suitTopFrontColor": "000000",
    "suitTopBackColor": "000000",
    "suitBottomFrontColor": "000000",
    "suitBottomBackColor": "000000",
    "skisColor": "000000"
  },
  {
    "id": "NOR-F-Bjørseth-Thea_Minyan#0",
    "lastName": "Bjørseth",
    "firstName": "Thea Minyan",
    "countryCode": "NOR",
    "gender": "Female",
    "birthdate": "1999-08-22T00:00:00",
    "imagePath": "Bjoerseth.png",
    "helmetColor": "000000",
    "suitTopFrontColor": "000000",
    "suitTopBackColor": "000000",
    "suitBottomFrontColor": "000000",
    "suitBottomBackColor": "000000",
    "skisColor": "000000"
  },
  {
    "id": "AUT-F-Eder-Lisa#0",
    "lastName": "Eder",
    "firstName": "Lisa",
    "countryCode": "AUT",
    "gender": "Female",
    "birthdate": "1999-08-22T00:00:00",
    "imagePath": "Eder.PNG",
    "helmetColor": "000000",
    "suitTopFrontColor": "000000",
    "suitTopBackColor": "000000",
    "suitBottomFrontColor": "000000",
    "suitBottomBackColor": "000000",
    "skisColor": "000000"
  },
  {
    "id": "USA-F-Macuga-Samantha#0",
    "lastName": "Macuga",
    "firstName": "Samantha",
    "countryCode": "USA",
    "gender": "Female",
    "birthdate": "1999-08-22T00:00:00",
    "imagePath": "Macuga.png",
    "helmetColor": "000000",
    "suitTopFrontColor": "000000",
    "suitTopBackColor": "000000",
    "suitBottomFrontColor": "000000",
    "suitBottomBackColor": "000000",
    "skisColor": "000000"
  },
  {
    "id": "FIN-F-Forsström-Susanna#0",
    "lastName": "Forsström",
    "firstName": "Susanna",
    "countryCode": "FIN",
    "gender": "Female",
    "birthdate": "1999-08-22T00:00:00",
    "imagePath": "Forsstroem.png",
    "helmetColor": "000000",
    "suitTopFrontColor": "000000",
    "suitTopBackColor": "000000",
    "suitBottomFrontColor": "000000",
    "suitBottomBackColor": "000000",
    "skisColor": "000000"
  },
  {
    "id": "RUS-F-Prokopieva-Kristina#0",
    "lastName": "Prokopieva",
    "firstName": "Kristina",
    "countryCode": "RUS",
    "gender": "Female",
    "birthdate": "1999-08-22T00:00:00",
    "imagePath": "Prokopieva.png",
    "helmetColor": "000000",
    "suitTopFrontColor": "000000",
    "suitTopBackColor": "000000",
    "suitBottomFrontColor": "000000",
    "suitBottomBackColor": "000000",
    "skisColor": "000000"
  },
  {
    "id": "NOR-F-Kvandal-Eirin_Maria#0",
    "lastName": "Kvandal",
    "firstName": "Eirin Maria",
    "countryCode": "NOR",
    "gender": "Female",
    "birthdate": "1999-08-22T00:00:00",
    "imagePath": "Kvandal.png",
    "helmetColor": "000000",
    "suitTopFrontColor": "000000",
    "suitTopBackColor": "000000",
    "suitBottomFrontColor": "000000",
    "suitBottomBackColor": "000000",
    "skisColor": "000000"
  },
  {
    "id": "ITA-F-Malsiner-Jessica#0",
    "lastName": "Malsiner",
    "firstName": "Jessica",
    "countryCode": "ITA",
    "gender": "Female",
    "birthdate": "1999-08-22T00:00:00",
    "imagePath": "jMalsiner.png",
    "helmetColor": "000000",
    "suitTopFrontColor": "000000",
    "suitTopBackColor": "000000",
    "suitBottomFrontColor": "000000",
    "suitBottomBackColor": "000000",
    "skisColor": "000000"
  },
  {
    "id": "HUN-F-Voros-Virag#0",
    "lastName": "Voros",
    "firstName": "Virag",
    "countryCode": "HUN",
    "gender": "Female",
    "birthdate": "1999-08-22T00:00:00",
    "imagePath": "",
    "helmetColor": "000000",
    "suitTopFrontColor": "000000",
    "suitTopBackColor": "000000",
    "suitBottomFrontColor": "000000",
    "suitBottomBackColor": "000000",
    "skisColor": "000000"
  },
  {
    "id": "NOR-F-Lundby-Maren#0",
    "lastName": "Lundby",
    "firstName": "Maren",
    "countryCode": "NOR",
    "gender": "Female",
    "birthdate": "1999-08-22T00:00:00",
    "imagePath": "Lundby.png",
    "helmetColor": "000000",
    "suitTopFrontColor": "000000",
    "suitTopBackColor": "000000",
    "suitBottomFrontColor": "000000",
    "suitBottomBackColor": "000000",
    "skisColor": "000000"
  },
  {
    "id": "RUS-F-Piskunova-Ksienija#0",
    "lastName": "Piskunova",
    "firstName": "Ksienija",
    "countryCode": "RUS",
    "gender": "Female",
    "birthdate": "1999-08-22T00:00:00",
    "imagePath": "Piskunova.png",
    "helmetColor": "000000",
    "suitTopFrontColor": "000000",
    "suitTopBackColor": "000000",
    "suitBottomFrontColor": "000000",
    "suitBottomBackColor": "000000",
    "skisColor": "000000"
  },
  {
    "id": "KAZ-F-Piecha-Dajana#0",
    "lastName": "Piecha",
    "firstName": "Dajana",
    "countryCode": "KAZ",
    "gender": "Female",
    "birthdate": "1999-08-22T00:00:00",
    "imagePath": "Piecha.png",
    "helmetColor": "000000",
    "suitTopFrontColor": "000000",
    "suitTopBackColor": "000000",
    "suitBottomFrontColor": "000000",
    "suitBottomBackColor": "000000",
    "skisColor": "000000"
  },
  {
    "id": "RUS-F-Mochova-Jelizawieta#0",
    "lastName": "Mochova",
    "firstName": "Jelizawieta",
    "countryCode": "RUS",
    "gender": "Female",
    "birthdate": "1999-08-22T00:00:00",
    "imagePath": "Mochova.png",
    "helmetColor": "000000",
    "suitTopFrontColor": "000000",
    "suitTopBackColor": "000000",
    "suitBottomFrontColor": "000000",
    "suitBottomBackColor": "000000",
    "skisColor": "000000"
  },
  {
    "id": "SLO-F-Komar-Katra#0",
    "lastName": "Komar",
    "firstName": "Katra",
    "countryCode": "SLO",
    "gender": "Female",
    "birthdate": "1999-08-22T00:00:00",
    "imagePath": "Komar.png",
    "helmetColor": "000000",
    "suitTopFrontColor": "000000",
    "suitTopBackColor": "000000",
    "suitBottomFrontColor": "000000",
    "suitBottomBackColor": "000000",
    "skisColor": "000000"
  },
  {
    "id": "GER-F-Görlich-Luisa#0",
    "lastName": "Görlich",
    "firstName": "Luisa",
    "countryCode": "GER",
    "gender": "Female",
    "birthdate": "1999-08-22T00:00:00",
    "imagePath": "goerlich.png",
    "helmetColor": "000000",
    "suitTopFrontColor": "000000",
    "suitTopBackColor": "000000",
    "suitBottomFrontColor": "000000",
    "suitBottomBackColor": "000000",
    "skisColor": "000000"
  },
  {
    "id": "RUS-F-Barantceva-Aleksandra#0",
    "lastName": "Barantceva",
    "firstName": "Aleksandra",
    "countryCode": "RUS",
    "gender": "Female",
    "birthdate": "1999-08-22T00:00:00",
    "imagePath": "Barantceva.png",
    "helmetColor": "000000",
    "suitTopFrontColor": "000000",
    "suitTopBackColor": "000000",
    "suitBottomFrontColor": "000000",
    "suitBottomBackColor": "000000",
    "skisColor": "000000"
  },
  {
    "id": "AUT-F-Sorschag-Sophie#0",
    "lastName": "Sorschag",
    "firstName": "Sophie",
    "countryCode": "AUT",
    "gender": "Female",
    "birthdate": "1999-08-22T00:00:00",
    "imagePath": "Sorschag.png",
    "helmetColor": "000000",
    "suitTopFrontColor": "000000",
    "suitTopBackColor": "000000",
    "suitBottomFrontColor": "000000",
    "suitBottomBackColor": "000000",
    "skisColor": "000000"
  },
  {
    "id": "ITA-F-Ambrosi-Martina#0",
    "lastName": "Ambrosi",
    "firstName": "Martina",
    "countryCode": "ITA",
    "gender": "Female",
    "birthdate": "1999-08-22T00:00:00",
    "imagePath": "Ambrosi.png",
    "helmetColor": "000000",
    "suitTopFrontColor": "000000",
    "suitTopBackColor": "000000",
    "suitBottomFrontColor": "000000",
    "suitBottomBackColor": "000000",
    "skisColor": "000000"
  },
  {
    "id": "POL-F-Szwab-Joanna#0",
    "lastName": "Szwab",
    "firstName": "Joanna",
    "countryCode": "POL",
    "gender": "Female",
    "birthdate": "1999-08-22T00:00:00",
    "imagePath": "Szwab.png",
    "helmetColor": "000000",
    "suitTopFrontColor": "000000",
    "suitTopBackColor": "000000",
    "suitBottomFrontColor": "000000",
    "suitBottomBackColor": "000000",
    "skisColor": "000000"
  },
  {
    "id": "SLO-F-Klinec-Ema#0",
    "lastName": "Klinec",
    "firstName": "Ema",
    "countryCode": "SLO",
    "gender": "Female",
    "birthdate": "1999-08-22T00:00:00",
    "imagePath": "Klinec.png",
    "helmetColor": "000000",
    "suitTopFrontColor": "000000",
    "suitTopBackColor": "000000",
    "suitBottomFrontColor": "000000",
    "suitBottomBackColor": "000000",
    "skisColor": "000000"
  },
  {
    "id": "AUT-F-Kothbauer-Sophie#0",
    "lastName": "Kothbauer",
    "firstName": "Sophie",
    "countryCode": "AUT",
    "gender": "Female",
    "birthdate": "1999-08-22T00:00:00",
    "imagePath": "Kothbauer.png",
    "helmetColor": "000000",
    "suitTopFrontColor": "000000",
    "suitTopBackColor": "000000",
    "suitBottomFrontColor": "000000",
    "suitBottomBackColor": "000000",
    "skisColor": "000000"
  },
  {
    "id": "AUT-F-Pinkelnig-Eva#0",
    "lastName": "Pinkelnig",
    "firstName": "Eva",
    "countryCode": "AUT",
    "gender": "Female",
    "birthdate": "1999-08-22T00:00:00",
    "imagePath": "Pinkelnig.png",
    "helmetColor": "000000",
    "suitTopFrontColor": "000000",
    "suitTopBackColor": "000000",
    "suitBottomFrontColor": "000000",
    "suitBottomBackColor": "000000",
    "skisColor": "000000"
  },
  {
    "id": "JPN-F-Takanashi-Sara#0",
    "lastName": "Takanashi",
    "firstName": "Sara",
    "countryCode": "JPN",
    "gender": "Female",
    "birthdate": "1999-08-22T00:00:00",
    "imagePath": "Takanashi.png",
    "helmetColor": "000000",
    "suitTopFrontColor": "000000",
    "suitTopBackColor": "000000",
    "suitBottomFrontColor": "000000",
    "suitBottomBackColor": "000000",
    "skisColor": "000000"
  },
  {
    "id": "AUT-F-Mühlbacher-Julia#0",
    "lastName": "Mühlbacher",
    "firstName": "Julia",
    "countryCode": "AUT",
    "gender": "Female",
    "birthdate": "1999-08-22T00:00:00",
    "imagePath": "Muehlbacher.png",
    "helmetColor": "000000",
    "suitTopFrontColor": "000000",
    "suitTopBackColor": "000000",
    "suitBottomFrontColor": "000000",
    "suitBottomBackColor": "000000",
    "skisColor": "000000"
  },
  {
    "id": "SLO-F-Zupancic-Jerneja_Repinc#0",
    "lastName": "Zupancic",
    "firstName": "Jerneja Repinc",
    "countryCode": "SLO",
    "gender": "Female",
    "birthdate": "1999-08-22T00:00:00",
    "imagePath": "Zupancic.png",
    "helmetColor": "000000",
    "suitTopFrontColor": "000000",
    "suitTopBackColor": "000000",
    "suitBottomFrontColor": "000000",
    "suitBottomBackColor": "000000",
    "skisColor": "000000"
  },
  {
    "id": "FIN-F-Rautionaho-Jenny#0",
    "lastName": "Rautionaho",
    "firstName": "Jenny",
    "countryCode": "FIN",
    "gender": "Female",
    "birthdate": "1999-08-22T00:00:00",
    "imagePath": "Rautionaho.png",
    "helmetColor": "000000",
    "suitTopFrontColor": "000000",
    "suitTopBackColor": "000000",
    "suitBottomFrontColor": "000000",
    "suitBottomBackColor": "000000",
    "skisColor": "000000"
  },
  {
    "id": "NOR-F-Opseth-Silje#0",
    "lastName": "Opseth",
    "firstName": "Silje",
    "countryCode": "NOR",
    "gender": "Female",
    "birthdate": "1999-08-22T00:00:00",
    "imagePath": "Opseth.png",
    "helmetColor": "000000",
    "suitTopFrontColor": "000000",
    "suitTopBackColor": "000000",
    "suitBottomFrontColor": "000000",
    "suitBottomBackColor": "000000",
    "skisColor": "000000"
  },
  {
    "id": "RUS-F-makhinia-Irma#0",
    "lastName": "makhinia",
    "firstName": "Irma",
    "countryCode": "RUS",
    "gender": "Female",
    "birthdate": "1999-08-22T00:00:00",
    "imagePath": "makhinia.png",
    "helmetColor": "000000",
    "suitTopFrontColor": "000000",
    "suitTopBackColor": "000000",
    "suitBottomFrontColor": "000000",
    "suitBottomBackColor": "000000",
    "skisColor": "000000"
  },
  {
    "id": "AUT-F-Moharitsch-Vanessa#0",
    "lastName": "Moharitsch",
    "firstName": "Vanessa",
    "countryCode": "AUT",
    "gender": "Female",
    "birthdate": "1999-08-22T00:00:00",
    "imagePath": "Moharitsch.png",
    "helmetColor": "000000",
    "suitTopFrontColor": "000000",
    "suitTopBackColor": "000000",
    "suitBottomFrontColor": "000000",
    "suitBottomBackColor": "000000",
    "skisColor": "000000"
  },
  {
    "id": "AUT-F-Ellmauer-Katharina#0",
    "lastName": "Ellmauer",
    "firstName": "Katharina",
    "countryCode": "AUT",
    "gender": "Female",
    "birthdate": "1999-08-22T00:00:00",
    "imagePath": "Ellmauer.png",
    "helmetColor": "000000",
    "suitTopFrontColor": "000000",
    "suitTopBackColor": "000000",
    "suitBottomFrontColor": "000000",
    "suitBottomBackColor": "000000",
    "skisColor": "000000"
  },
  {
    "id": "USA-F-Lussi-Nina#0",
    "lastName": "Lussi",
    "firstName": "Nina",
    "countryCode": "USA",
    "gender": "Female",
    "birthdate": "1999-08-22T00:00:00",
    "imagePath": "Lussi.png",
    "helmetColor": "000000",
    "suitTopFrontColor": "000000",
    "suitTopBackColor": "000000",
    "suitBottomFrontColor": "000000",
    "suitBottomBackColor": "000000",
    "skisColor": "000000"
  },
  {
    "id": "AUT-F-Kramer-Marita#0",
    "lastName": "Kramer",
    "firstName": "Marita",
    "countryCode": "AUT",
    "gender": "Female",
    "birthdate": "1999-08-22T00:00:00",
    "imagePath": "Kramer.png",
    "helmetColor": "000000",
    "suitTopFrontColor": "000000",
    "suitTopBackColor": "000000",
    "suitBottomFrontColor": "000000",
    "suitBottomBackColor": "000000",
    "skisColor": "000000"
  },
  {
    "id": "GER-F-Althaus-Katharina#0",
    "lastName": "Althaus",
    "firstName": "Katharina",
    "countryCode": "GER",
    "gender": "Female",
    "birthdate": "1999-08-22T00:00:00",
    "imagePath": "Althaus.png",
    "helmetColor": "000000",
    "suitTopFrontColor": "000000",
    "suitTopBackColor": "000000",
    "suitBottomFrontColor": "000000",
    "suitBottomBackColor": "000000",
    "skisColor": "000000"
  },
  {
    "id": "NOR-F-Strøm-Anna_Odine#0",
    "lastName": "Strøm",
    "firstName": "Anna Odine",
    "countryCode": "NOR",
    "gender": "Female",
    "birthdate": "1999-08-22T00:00:00",
    "imagePath": "Stroem.png",
    "helmetColor": "000000",
    "suitTopFrontColor": "000000",
    "suitTopBackColor": "000000",
    "suitBottomFrontColor": "000000",
    "suitBottomBackColor": "000000",
    "skisColor": "000000"
  },
  {
    "id": "GER-F-Heßler-Pauline#0",
    "lastName": "Heßler",
    "firstName": "Pauline",
    "countryCode": "GER",
    "gender": "Female",
    "birthdate": "1999-08-22T00:00:00",
    "imagePath": "hessler.png",
    "helmetColor": "000000",
    "suitTopFrontColor": "000000",
    "suitTopBackColor": "000000",
    "suitBottomFrontColor": "000000",
    "suitBottomBackColor": "000000",
    "skisColor": "000000"
  },
  {
    "id": "ITA-F-Malsiner-Lara#0",
    "lastName": "Malsiner",
    "firstName": "Lara",
    "countryCode": "ITA",
    "gender": "Female",
    "birthdate": "1999-08-22T00:00:00",
    "imagePath": "lMalsiner.png",
    "helmetColor": "000000",
    "suitTopFrontColor": "000000",
    "suitTopBackColor": "000000",
    "suitBottomFrontColor": "000000",
    "suitBottomBackColor": "000000",
    "skisColor": "000000"
  },
  {
    "id": "RUS-F-Kablukova-Ksenia#0",
    "lastName": "Kablukova",
    "firstName": "Ksenia",
    "countryCode": "RUS",
    "gender": "Female",
    "birthdate": "1999-08-22T00:00:00",
    "imagePath": "Kablukova.png",
    "helmetColor": "000000",
    "suitTopFrontColor": "000000",
    "suitTopBackColor": "000000",
    "suitBottomFrontColor": "000000",
    "suitBottomBackColor": "000000",
    "skisColor": "000000"
  },
  {
    "id": "JPN-F-Setō-Yūka#0",
    "lastName": "Setō",
    "firstName": "Yūka",
    "countryCode": "JPN",
    "gender": "Female",
    "birthdate": "1999-08-22T00:00:00",
    "imagePath": "seto.png",
    "helmetColor": "000000",
    "suitTopFrontColor": "000000",
    "suitTopBackColor": "000000",
    "suitBottomFrontColor": "000000",
    "suitBottomBackColor": "000000",
    "skisColor": "000000"
  },
  {
    "id": "RUS-F-Iakovleva-Marija#0",
    "lastName": "Iakovleva",
    "firstName": "Marija",
    "countryCode": "RUS",
    "gender": "Female",
    "birthdate": "1999-08-22T00:00:00",
    "imagePath": "Iakovleva.png",
    "helmetColor": "000000",
    "suitTopFrontColor": "000000",
    "suitTopBackColor": "000000",
    "suitBottomFrontColor": "000000",
    "suitBottomBackColor": "000000",
    "skisColor": "000000"
  },
  {
    "id": "SLO-F-Vetrih-Nika#0",
    "lastName": "Vetrih",
    "firstName": "Nika",
    "countryCode": "SLO",
    "gender": "Female",
    "birthdate": "1999-08-22T00:00:00",
    "imagePath": "Vetrih.PNG",
    "helmetColor": "000000",
    "suitTopFrontColor": "000000",
    "suitTopBackColor": "000000",
    "suitBottomFrontColor": "000000",
    "suitBottomBackColor": "000000",
    "skisColor": "000000"
  },
  {
    "id": "POL-F-Karpiel-Kamila#0",
    "lastName": "Karpiel",
    "firstName": "Kamila",
    "countryCode": "POL",
    "gender": "Female",
    "birthdate": "1999-08-22T00:00:00",
    "imagePath": "Karpiel.png",
    "helmetColor": "000000",
    "suitTopFrontColor": "000000",
    "suitTopBackColor": "000000",
    "suitBottomFrontColor": "000000",
    "suitBottomBackColor": "000000",
    "skisColor": "000000"
  },
  {
    "id": "SLO-F-Brecl-Jerneja#0",
    "lastName": "Brecl",
    "firstName": "Jerneja",
    "countryCode": "SLO",
    "gender": "Female",
    "birthdate": "1999-08-22T00:00:00",
    "imagePath": "Brecl.png",
    "helmetColor": "000000",
    "suitTopFrontColor": "000000",
    "suitTopBackColor": "000000",
    "suitBottomFrontColor": "000000",
    "suitBottomBackColor": "000000",
    "skisColor": "000000"
  },
  {
    "id": "POL-F-Konderla-Nicole#0",
    "lastName": "Konderla",
    "firstName": "Nicole",
    "countryCode": "POL",
    "gender": "Female",
    "birthdate": "1999-08-22T00:00:00",
    "imagePath": "Konderla.png",
    "helmetColor": "000000",
    "suitTopFrontColor": "000000",
    "suitTopBackColor": "000000",
    "suitBottomFrontColor": "000000",
    "suitBottomBackColor": "000000",
    "skisColor": "000000"
  },
  {
    "id": "POL-F-Przybyła-Wiktoria#0",
    "lastName": "Przybyła",
    "firstName": "Wiktoria",
    "countryCode": "POL",
    "gender": "Female",
    "birthdate": "1999-08-22T00:00:00",
    "imagePath": "Przybyla.png",
    "helmetColor": "000000",
    "suitTopFrontColor": "000000",
    "suitTopBackColor": "000000",
    "suitBottomFrontColor": "000000",
    "suitBottomBackColor": "000000",
    "skisColor": "000000"
  },
  {
    "id": "JPN-F-Iwabuchi-Kaori#0",
    "lastName": "Iwabuchi",
    "firstName": "Kaori",
    "countryCode": "JPN",
    "gender": "Female",
    "birthdate": "1999-08-22T00:00:00",
    "imagePath": "Iwabuchi.png",
    "helmetColor": "000000",
    "suitTopFrontColor": "000000",
    "suitTopBackColor": "000000",
    "suitBottomFrontColor": "000000",
    "suitBottomBackColor": "000000",
    "skisColor": "000000"
  },
  {
    "id": "CZE-F-Ulrichová-Klára#0",
    "lastName": "Ulrichová",
    "firstName": "Klára",
    "countryCode": "CZE",
    "gender": "Female",
    "birthdate": "1999-08-22T00:00:00",
    "imagePath": "Ulrichova.png",
    "helmetColor": "000000",
    "suitTopFrontColor": "000000",
    "suitTopBackColor": "000000",
    "suitBottomFrontColor": "000000",
    "suitBottomBackColor": "000000",
    "skisColor": "000000"
  },
  {
    "id": "UKR-F-Pylypchuk-Tetyana#0",
    "lastName": "Pylypchuk",
    "firstName": "Tetyana",
    "countryCode": "UKR",
    "gender": "Female",
    "birthdate": "1999-08-22T00:00:00",
    "imagePath": "Pylypchuk.png",
    "helmetColor": "000000",
    "suitTopFrontColor": "000000",
    "suitTopBackColor": "000000",
    "suitBottomFrontColor": "000000",
    "suitBottomBackColor": "000000",
    "skisColor": "000000"
  },
  {
    "id": "RUS-F-Borodina-Alina#0",
    "lastName": "Borodina",
    "firstName": "Alina",
    "countryCode": "RUS",
    "gender": "Female",
    "birthdate": "1999-08-22T00:00:00",
    "imagePath": "Borodina.png",
    "helmetColor": "000000",
    "suitTopFrontColor": "000000",
    "suitTopBackColor": "000000",
    "suitBottomFrontColor": "000000",
    "suitBottomBackColor": "000000",
    "skisColor": "000000"
  },
  {
    "id": "SLO-F-Bogataj-Urša#0",
    "lastName": "Bogataj",
    "firstName": "Urša",
    "countryCode": "SLO",
    "gender": "Female",
    "birthdate": "1999-08-22T00:00:00",
    "imagePath": "Bogataj.png",
    "helmetColor": "000000",
    "suitTopFrontColor": "000000",
    "suitTopBackColor": "000000",
    "suitBottomFrontColor": "000000",
    "suitBottomBackColor": "000000",
    "skisColor": "000000"
  },
  {
    "id": "POL-F-Rajda-Kinga#0",
    "lastName": "Rajda",
    "firstName": "Kinga",
    "countryCode": "POL",
    "gender": "Female",
    "birthdate": "1999-08-22T00:00:00",
    "imagePath": "Rajda.png",
    "helmetColor": "000000",
    "suitTopFrontColor": "000000",
    "suitTopBackColor": "000000",
    "suitBottomFrontColor": "000000",
    "suitBottomBackColor": "000000",
    "skisColor": "000000"
  },
  {
    "id": "USA-F-Jones-Paige#0",
    "lastName": "Jones",
    "firstName": "Paige",
    "countryCode": "USA",
    "gender": "Female",
    "birthdate": "1999-08-22T00:00:00",
    "imagePath": "Jones.png",
    "helmetColor": "000000",
    "suitTopFrontColor": "000000",
    "suitTopBackColor": "000000",
    "suitBottomFrontColor": "000000",
    "suitBottomBackColor": "000000",
    "skisColor": "000000"
  }
]