[{"name":"COC 2020/2021","competitorsIds":["AUT-M-Haagen-David#0","AUT-M-Leitner-Clemens#0","AUT-M-Hoerl-Jan#0","AUT-M-Kahofer-Timon-Pascal#0","AUT-M-Rainer-Stefan#0","AUT-M-Huber-Stefan#0","AUT-M-Schiffner-Markus#0","AUT-M-Aigner-Clemens#0","AUT-M-Schlierenzauer-Gregor#0","AUT-M-Ortner-Maximilian#0","AUT-M-Fettner-Manuel#0","AUT-M-Lackner-Thomas#0","AUT-M-Steiner-Maximilian#0","AUT-M-Tschofenig-Daniel#0","AUT-M-Resinger-Peter#0","AUT-M-Bachlinger-Niklas#0","AUT-M-Wohlgenannt-Ulrich#0","AUT-M-Medwed-Elias#0","BUL-M-Zografski-Vladimir#0","CAN-M-Soukup-Matthew#0","CZE-M-Holub-Benedikt#0","CZE-M-Polasek-Viktor#0","CZE-M-Sakala-Filip#0","CZE-M-Stursa-Vojtech#0","CZE-M-Holik-Frantisek#0","CZE-M-Kozisek-Cestmir#0","CZE-M-Rydl-Radek#0","EST-M-Maltsev-Kevin#0","FIN-M-Kytosaho-Niko#0","FIN-M-Alamommo-Andreas#0","FIN-M-Nousiainen-Eetu#0","FIN-M-Kavilo-Henri#0","FIN-M-Saapunki-Sami#0","FIN-M-Maatta-Jarkko#0","FIN-M-Pohjola-Arttu#0","FIN-M-Vetelainen-Jonne#0","FIN-M-Heikkinen-Kalle#0","FIN-M-Merilainen-Eetu#0","FRA-M-White-Jack#0","FRA-M-Brasme-Paul#0","FRA-M-Foubert-Valentin#0","FRA-M-Contamine-Mathis#0","FRA-M-Batby-Alessandro#0","GER-M-Schmid-Constantin#0","GER-M-Baer-Moritz#0","GER-M-Siegel-David#0","GER-M-Wellinger-Andreas#0","GER-M-Winter-Paul#0","GER-M-Modricker-Quirin#0","GER-M-Weigel-Cedrik#0","GER-M-Geyer-Luca#0","GER-M-Fuchs-Tim#0","GER-M-Freitag-Richard#0","GER-M-Spiewok-Simon#0","GER-M-Hoffmann-Felix#0","GER-M-Haas-Claudio#0","GER-M-Kraus-Marinus#0","GER-M-Maerkl-Kilian#0","GER-M-Roth-Luca#0","GER-M-Lisso-Justin#0","GER-M-Sell-Adrian#0","GER-M-Rombach-Sebastian#0","GER-M-Raimund-Philipp#0","ITA-M-Insam-Alex#0","ITA-M-Moroder-Daniel#0","ITA-M-Cecon-Francesco#0","ITA-M-Galiani-Mattia#0","JPN-M-Iwasa-Yuken#0","JPN-M-Nakamura-Naoki#0","JPN-M-Kobayashi-Junshiro#0","JPN-M-Kasai-Noriaki#0","KAZ-M-Tkachenko-Sergey#0","KAZ-M-Tursunzhanov-Nurshat#0","KAZ-M-Kravtsov-Sergey#0","KAZ-M-Devyatkin-Nikita#0","KAZ-M-Muminov-Sabirzhan#0","KOR-M-Cho-Sungwoo#0","NOR-M-Braathen-Matias#0","NOR-M-Heggli-Bendik_Jakobsen#0","NOR-M-Pedersen-Robin#0","NOR-M-Buskum-Andreas_Granerud#0","NOR-M-Ringen-Sondre#0","NOR-M-Eriksen-Sander_Vossan#0","NOR-M-Haare-Anders#0","NOR-M-Oestvold-Benjamin#0","NOR-M-Ladehaug-Andreas#0","POL-M-Niznik-Adam#0","POL-M-Juroszek-Kacper#0","POL-M-Pilch-Tomasz#0","POL-M-Krzak-Jaroslaw#0","POL-M-Wasek-Pawel#0","POL-M-Wolny-Jakub#0","POL-M-Muranka-Klemens#0","POL-M-Zniszczol-Aleksander#0","POL-M-Niemczyk-Karol#0","POL-M-Kot-Maciej#0","POL-M-Jojko-Arkadiusz#0","POL-M-Hula-Stefan#0","POL-M-Habdas-Jan#0","POL-M-Gruszka-Mateusz#0","ROU-M-Spulber-Mihnea_Alexandru#0","ROU-M-Mitrofan-Nicolae_Sorin#0","ROU-M-Feldorean-Andrei#0","ROU-M-Cacina-Daniel_Andrei#0","RUS-M-Hazetdinov-Ilmir#0","RUS-M-Shishkin-Vadim#0","RUS-M-Mustafin-Vladislav#0","RUS-M-Bazhenov-Aleksandr#0","RUS-M-Sadreev-Danil#0","RUS-M-Matavin-Nikolai#0","RUS-M-Trofimov-Roman_Sergeevich#0","RUS-M-Maksimochkin-Mikhail#0","RUS-M-Kornilov-Denis#0","RUS-M-Vassiliev-Dimitry#0","RUS-M-Mankov-Ilja#0","RUS-M-Kolobov-Maksim#0","RUS-M-Purtov-Mikhail#0","RUS-M-Kotik-Kiril#0","SLO-M-Mogel-Zak#0","SLO-M-Zajc-Timi#0","SLO-M-Bartol-Tilen#0","SLO-M-Strzinar-Marcel#0","SLO-M-Semenic-Anze#0","SLO-M-Prevc-Peter#0","SLO-M-Prevc-Cene#0","SLO-M-Justin-Rok#0","SLO-M-Presecnik-Jernej#0","SLO-M-Kos-Lovro#0","SLO-M-Hafnar-Mark#0","SLO-M-Grilc-Tjas#0","SLO-M-Bombek-Jan#0","SLO-M-Damjan-Jernej#0","SLO-M-Masle-Rok#0","SUI-M-Peter-Dominik#0","SUI-M-Hauswirth-Sandro#0","SUI-M-Schuler-Andreas#0","SUI-M-Ammann-Simon#0","SUI-M-Kindlimann-Lars#0","SUI-M-Lacroix-Olan#0","TUR-M-Bedir-Muhammed_Ali#0","TUR-M-Cintimar-Muhammet_Irfan#0","TUR-M-Gungen-Muhammed_Munir#0","TUR-M-Ipcioglu-Fatih_Arda#0","UKR-M-Marusiak-Jewhen#0","UKR-M-Kaliniczenko-Vitalij#0","UKR-M-Vaskul-Andrii#0","USA-M-Larson-Casey#0","USA-M-Belshaw-Erik#0","USA-M-Urlaub-Andrew#0","USA-M-Dean-Decker#0","USA-M-Gasienica-Patrick#0"],"teams":[{"teamName":"Austria","countryCode":"AUT","competitorsIds":["AUT-M-Haagen-David#0","AUT-M-Leitner-Clemens#0","AUT-M-Hoerl-Jan#0","AUT-M-Kahofer-Timon-Pascal#0","AUT-M-Rainer-Stefan#0","AUT-M-Huber-Stefan#0","AUT-M-Schiffner-Markus#0","AUT-M-Aigner-Clemens#0","AUT-M-Schlierenzauer-Gregor#0","AUT-M-Ortner-Maximilian#0","AUT-M-Fettner-Manuel#0","AUT-M-Lackner-Thomas#0","AUT-M-Steiner-Maximilian#0","AUT-M-Tschofenig-Daniel#0","AUT-M-Resinger-Peter#0","AUT-M-Bachlinger-Niklas#0","AUT-M-Wohlgenannt-Ulrich#0","AUT-M-Medwed-Elias#0"]},{"teamName":"Bulgaria","countryCode":"BUL","competitorsIds":["BUL-M-Zografski-Vladimir#0"]},{"teamName":"Canada","countryCode":"CAN","competitorsIds":["CAN-M-Soukup-Matthew#0"]},{"teamName":"Czech Republic","countryCode":"CZE","competitorsIds":["CZE-M-Holub-Benedikt#0","CZE-M-Polasek-Viktor#0","CZE-M-Sakala-Filip#0","CZE-M-Stursa-Vojtech#0","CZE-M-Holik-Frantisek#0","CZE-M-Kozisek-Cestmir#0","CZE-M-Rydl-Radek#0"]},{"teamName":"Estonia","countryCode":"EST","competitorsIds":["EST-M-Maltsev-Kevin#0"]},{"teamName":"Finland","countryCode":"FIN","competitorsIds":["FIN-M-Kytosaho-Niko#0","FIN-M-Alamommo-Andreas#0","FIN-M-Nousiainen-Eetu#0","FIN-M-Kavilo-Henri#0","FIN-M-Saapunki-Sami#0","FIN-M-Maatta-Jarkko#0","FIN-M-Pohjola-Arttu#0","FIN-M-Vetelainen-Jonne#0","FIN-M-Heikkinen-Kalle#0","FIN-M-Merilainen-Eetu#0"]},{"teamName":"France","countryCode":"FRA","competitorsIds":["FRA-M-White-Jack#0","FRA-M-Brasme-Paul#0","FRA-M-Foubert-Valentin#0","FRA-M-Contamine-Mathis#0","FRA-M-Batby-Alessandro#0"]},{"teamName":"Germany","countryCode":"GER","competitorsIds":["GER-M-Schmid-Constantin#0","GER-M-Baer-Moritz#0","GER-M-Siegel-David#0","GER-M-Wellinger-Andreas#0","GER-M-Winter-Paul#0","GER-M-Modricker-Quirin#0","GER-M-Weigel-Cedrik#0","GER-M-Geyer-Luca#0","GER-M-Fuchs-Tim#0","GER-M-Freitag-Richard#0","GER-M-Spiewok-Simon#0","GER-M-Hoffmann-Felix#0","GER-M-Haas-Claudio#0","GER-M-Kraus-Marinus#0","GER-M-Maerkl-Kilian#0","GER-M-Roth-Luca#0","GER-M-Lisso-Justin#0","GER-M-Sell-Adrian#0","GER-M-Rombach-Sebastian#0","GER-M-Raimund-Philipp#0"]},{"teamName":"Italy","countryCode":"ITA","competitorsIds":["ITA-M-Insam-Alex#0","ITA-M-Moroder-Daniel#0","ITA-M-Cecon-Francesco#0","ITA-M-Galiani-Mattia#0"]},{"teamName":"Japan","countryCode":"JPN","competitorsIds":["JPN-M-Iwasa-Yuken#0","JPN-M-Nakamura-Naoki#0","JPN-M-Kobayashi-Junshiro#0","JPN-M-Kasai-Noriaki#0"]},{"teamName":"Kazakhstan","countryCode":"KAZ","competitorsIds":["KAZ-M-Tkachenko-Sergey#0","KAZ-M-Tursunzhanov-Nurshat#0","KAZ-M-Kravtsov-Sergey#0","KAZ-M-Devyatkin-Nikita#0","KAZ-M-Muminov-Sabirzhan#0"]},{"teamName":"Korea, Republic Of","countryCode":"KOR","competitorsIds":["KOR-M-Cho-Sungwoo#0"]},{"teamName":"Norway","countryCode":"NOR","competitorsIds":["NOR-M-Braathen-Matias#0","NOR-M-Heggli-Bendik_Jakobsen#0","NOR-M-Pedersen-Robin#0","NOR-M-Buskum-Andreas_Granerud#0","NOR-M-Ringen-Sondre#0","NOR-M-Eriksen-Sander_Vossan#0","NOR-M-Haare-Anders#0","NOR-M-Oestvold-Benjamin#0","NOR-M-Ladehaug-Andreas#0"]},{"teamName":"Poland","countryCode":"POL","competitorsIds":["POL-M-Niznik-Adam#0","POL-M-Juroszek-Kacper#0","POL-M-Pilch-Tomasz#0","POL-M-Krzak-Jaroslaw#0","POL-M-Wasek-Pawel#0","POL-M-Wolny-Jakub#0","POL-M-Muranka-Klemens#0","POL-M-Zniszczol-Aleksander#0","POL-M-Niemczyk-Karol#0","POL-M-Kot-Maciej#0","POL-M-Jojko-Arkadiusz#0","POL-M-Hula-Stefan#0","POL-M-Habdas-Jan#0","POL-M-Gruszka-Mateusz#0"]},{"teamName":"Romania","countryCode":"ROU","competitorsIds":["ROU-M-Spulber-Mihnea_Alexandru#0","ROU-M-Mitrofan-Nicolae_Sorin#0","ROU-M-Feldorean-Andrei#0","ROU-M-Cacina-Daniel_Andrei#0"]},{"teamName":"Russian Federation","countryCode":"RUS","competitorsIds":["RUS-M-Hazetdinov-Ilmir#0","RUS-M-Shishkin-Vadim#0","RUS-M-Mustafin-Vladislav#0","RUS-M-Bazhenov-Aleksandr#0","RUS-M-Sadreev-Danil#0","RUS-M-Matavin-Nikolai#0","RUS-M-Trofimov-Roman_Sergeevich#0","RUS-M-Maksimochkin-Mikhail#0","RUS-M-Kornilov-Denis#0","RUS-M-Vassiliev-Dimitry#0","RUS-M-Mankov-Ilja#0","RUS-M-Kolobov-Maksim#0","RUS-M-Purtov-Mikhail#0","RUS-M-Kotik-Kiril#0"]},{"teamName":"Slovenia","countryCode":"SLO","competitorsIds":["SLO-M-Mogel-Zak#0","SLO-M-Zajc-Timi#0","SLO-M-Bartol-Tilen#0","SLO-M-Strzinar-Marcel#0","SLO-M-Semenic-Anze#0","SLO-M-Prevc-Peter#0","SLO-M-Prevc-Cene#0","SLO-M-Justin-Rok#0","SLO-M-Presecnik-Jernej#0","SLO-M-Kos-Lovro#0","SLO-M-Hafnar-Mark#0","SLO-M-Grilc-Tjas#0","SLO-M-Bombek-Jan#0","SLO-M-Damjan-Jernej#0","SLO-M-Masle-Rok#0"]},{"teamName":"Switzerland","countryCode":"SUI","competitorsIds":["SUI-M-Peter-Dominik#0","SUI-M-Hauswirth-Sandro#0","SUI-M-Schuler-Andreas#0","SUI-M-Ammann-Simon#0","SUI-M-Kindlimann-Lars#0","SUI-M-Lacroix-Olan#0"]},{"teamName":"Turkey","countryCode":"TUR","competitorsIds":["TUR-M-Bedir-Muhammed_Ali#0","TUR-M-Cintimar-Muhammet_Irfan#0","TUR-M-Gungen-Muhammed_Munir#0","TUR-M-Ipcioglu-Fatih_Arda#0"]},{"teamName":"Ukraine","countryCode":"UKR","competitorsIds":["UKR-M-Marusiak-Jewhen#0","UKR-M-Kaliniczenko-Vitalij#0","UKR-M-Vaskul-Andrii#0"]},{"teamName":"United States","countryCode":"USA","competitorsIds":["USA-M-Larson-Casey#0","USA-M-Belshaw-Erik#0","USA-M-Urlaub-Andrew#0","USA-M-Dean-Decker#0","USA-M-Gasienica-Patrick#0"]}],"classifications":[{"name":"Continental Cup","eventType":"Individual","classificationType":"Place","teamClassificationLimitType":0,"teamCompetitorsLimit":0,"medalPlaces":0,"events":[],"pointsTables":[{"name":"World Cup","value":[100,80,60,50,45,40,36,32,29,26,24,22,20,18,16,15,14,13,12,11,10,9,8,7,6,5,4,3,2,1]}],"leaderBibColor":"ffff00"}],"events":[{"classifications":[],"eventType":"Individual","hillId":"Kuusamo HS142","hillSurface":"Snow","id":0,"roundInfos":{"name":"Qualification","roundInfos":[{"roundType":"Normal","outLimitType":"Normal","outLimit":50,"useOrdRank":[false,false,false,false],"disableJudgesMarks":false,"has95Rule":true,"reversedBibs":false,"reassignBibs":false,"gateCompensation":true,"windCompensation":true}]},"ordRankType":"None","ordRankId":0,"qualRankType":"None","qualRankId":0,"inLimitType":"None","inLimit":0,"preQualRankType":"None","preQualRankId":0,"preQualLimitType":"None","preQualLimit":0},{"classifications":[0],"eventType":"Individual","hillId":"Kuusamo HS142","hillSurface":"Snow","id":1,"roundInfos":{"name":"Individual2Rounds","roundInfos":[{"roundType":"Normal","outLimitType":"Normal","outLimit":30,"useOrdRank":[false,false,false,false],"disableJudgesMarks":false,"has95Rule":true,"reversedBibs":false,"reassignBibs":false,"gateCompensation":true,"windCompensation":true},{"roundType":"Normal","outLimitType":"None","outLimit":-1,"useOrdRank":[false,false,false,false],"disableJudgesMarks":false,"has95Rule":true,"reversedBibs":false,"reassignBibs":false,"gateCompensation":true,"windCompensation":true}]},"ordRankType":"Event","ordRankId":0,"qualRankType":"Event","qualRankId":0,"inLimitType":"None","inLimit":0,"preQualRankType":"None","preQualRankId":0,"preQualLimitType":"None","preQualLimit":0},{"classifications":[0],"eventType":"Individual","hillId":"Kuusamo HS142","hillSurface":"Snow","id":2,"roundInfos":{"name":"Individual2Rounds","roundInfos":[{"roundType":"Normal","outLimitType":"Normal","outLimit":30,"useOrdRank":[false,false,false,false],"disableJudgesMarks":false,"has95Rule":true,"reversedBibs":false,"reassignBibs":false,"gateCompensation":true,"windCompensation":true},{"roundType":"Normal","outLimitType":"None","outLimit":-1,"useOrdRank":[false,false,false,false],"disableJudgesMarks":false,"has95Rule":true,"reversedBibs":false,"reassignBibs":false,"gateCompensation":true,"windCompensation":true}]},"ordRankType":"Classification","ordRankId":0,"qualRankType":"Event","qualRankId":0,"inLimitType":"None","inLimit":0,"preQualRankType":"None","preQualRankId":0,"preQualLimitType":"None","preQualLimit":0},{"classifications":[0],"eventType":"Individual","hillId":"Kuusamo HS142","hillSurface":"Snow","id":3,"roundInfos":{"name":"Individual2Rounds","roundInfos":[{"roundType":"Normal","outLimitType":"Normal","outLimit":30,"useOrdRank":[false,false,false,false],"disableJudgesMarks":false,"has95Rule":true,"reversedBibs":false,"reassignBibs":false,"gateCompensation":true,"windCompensation":true},{"roundType":"Normal","outLimitType":"None","outLimit":-1,"useOrdRank":[false,false,false,false],"disableJudgesMarks":false,"has95Rule":true,"reversedBibs":false,"reassignBibs":false,"gateCompensation":true,"windCompensation":true}]},"ordRankType":"Classification","ordRankId":0,"qualRankType":"Event","qualRankId":0,"inLimitType":"None","inLimit":0,"preQualRankType":"None","preQualRankId":0,"preQualLimitType":"None","preQualLimit":0},{"classifications":[],"eventType":"Individual","hillId":"Engelberg HS140","hillSurface":"Snow","id":4,"roundInfos":{"name":"Qualification","roundInfos":[{"roundType":"Normal","outLimitType":"Normal","outLimit":50,"useOrdRank":[false,false,false,false],"disableJudgesMarks":false,"has95Rule":true,"reversedBibs":false,"reassignBibs":false,"gateCompensation":true,"windCompensation":true}]},"ordRankType":"Classification","ordRankId":0,"qualRankType":"None","qualRankId":0,"inLimitType":"None","inLimit":0,"preQualRankType":"None","preQualRankId":0,"preQualLimitType":"None","preQualLimit":0},{"classifications":[0],"eventType":"Individual","hillId":"Engelberg HS140","hillSurface":"Snow","id":5,"roundInfos":{"name":"Individual2Rounds","roundInfos":[{"roundType":"Normal","outLimitType":"Normal","outLimit":30,"useOrdRank":[false,false,false,false],"disableJudgesMarks":false,"has95Rule":true,"reversedBibs":false,"reassignBibs":false,"gateCompensation":true,"windCompensation":true},{"roundType":"Normal","outLimitType":"None","outLimit":-1,"useOrdRank":[false,false,false,false],"disableJudgesMarks":false,"has95Rule":true,"reversedBibs":false,"reassignBibs":false,"gateCompensation":true,"windCompensation":true}]},"ordRankType":"Classification","ordRankId":0,"qualRankType":"Event","qualRankId":4,"inLimitType":"None","inLimit":0,"preQualRankType":"None","preQualRankId":0,"preQualLimitType":"None","preQualLimit":0},{"classifications":[0],"eventType":"Individual","hillId":"Engelberg HS140","hillSurface":"Snow","id":6,"roundInfos":{"name":"Individual2Rounds","roundInfos":[{"roundType":"Normal","outLimitType":"Normal","outLimit":30,"useOrdRank":[false,false,false,false],"disableJudgesMarks":false,"has95Rule":true,"reversedBibs":false,"reassignBibs":false,"gateCompensation":true,"windCompensation":true},{"roundType":"Normal","outLimitType":"None","outLimit":-1,"useOrdRank":[false,false,false,false],"disableJudgesMarks":false,"has95Rule":true,"reversedBibs":false,"reassignBibs":false,"gateCompensation":true,"windCompensation":true}]},"ordRankType":"Classification","ordRankId":0,"qualRankType":"Event","qualRankId":4,"inLimitType":"None","inLimit":0,"preQualRankType":"None","preQualRankId":0,"preQualLimitType":"None","preQualLimit":0},{"classifications":[],"eventType":"Individual","hillId":"Innsbruck HS130","hillSurface":"Snow","id":7,"roundInfos":{"name":"Qualification","roundInfos":[{"roundType":"Normal","outLimitType":"Normal","outLimit":50,"useOrdRank":[false,false,false,false],"disableJudgesMarks":false,"has95Rule":true,"reversedBibs":false,"reassignBibs":false,"gateCompensation":true,"windCompensation":true}]},"ordRankType":"Classification","ordRankId":0,"qualRankType":"None","qualRankId":0,"inLimitType":"None","inLimit":0,"preQualRankType":"None","preQualRankId":0,"preQualLimitType":"None","preQualLimit":0},{"classifications":[0],"eventType":"Individual","hillId":"Innsbruck HS130","hillSurface":"Snow","id":8,"roundInfos":{"name":"Individual2Rounds","roundInfos":[{"roundType":"Normal","outLimitType":"Normal","outLimit":30,"useOrdRank":[false,false,false,false],"disableJudgesMarks":false,"has95Rule":true,"reversedBibs":false,"reassignBibs":false,"gateCompensation":true,"windCompensation":true},{"roundType":"Normal","outLimitType":"None","outLimit":-1,"useOrdRank":[false,false,false,false],"disableJudgesMarks":false,"has95Rule":true,"reversedBibs":false,"reassignBibs":false,"gateCompensation":true,"windCompensation":true}]},"ordRankType":"Classification","ordRankId":0,"qualRankType":"Event","qualRankId":7,"inLimitType":"None","inLimit":0,"preQualRankType":"None","preQualRankId":0,"preQualLimitType":"None","preQualLimit":0},{"classifications":[0],"eventType":"Individual","hillId":"Innsbruck HS130","hillSurface":"Snow","id":9,"roundInfos":{"name":"Individual2Rounds","roundInfos":[{"roundType":"Normal","outLimitType":"Normal","outLimit":30,"useOrdRank":[false,false,false,false],"disableJudgesMarks":false,"has95Rule":true,"reversedBibs":false,"reassignBibs":false,"gateCompensation":true,"windCompensation":true},{"roundType":"Normal","outLimitType":"None","outLimit":-1,"useOrdRank":[false,false,false,false],"disableJudgesMarks":false,"has95Rule":true,"reversedBibs":false,"reassignBibs":false,"gateCompensation":true,"windCompensation":true}]},"ordRankType":"Classification","ordRankId":0,"qualRankType":"Event","qualRankId":7,"inLimitType":"None","inLimit":0,"preQualRankType":"None","preQualRankId":0,"preQualLimitType":"None","preQualLimit":0},{"classifications":[],"eventType":"Individual","hillId":"Willingen HS145","hillSurface":"Snow","id":10,"roundInfos":{"name":"Qualification","roundInfos":[{"roundType":"Normal","outLimitType":"Normal","outLimit":50,"useOrdRank":[false,false,false,false],"disableJudgesMarks":false,"has95Rule":true,"reversedBibs":false,"reassignBibs":false,"gateCompensation":true,"windCompensation":true}]},"ordRankType":"Classification","ordRankId":0,"qualRankType":"None","qualRankId":0,"inLimitType":"None","inLimit":0,"preQualRankType":"None","preQualRankId":0,"preQualLimitType":"None","preQualLimit":0},{"classifications":[0],"eventType":"Individual","hillId":"Willingen HS145","hillSurface":"Snow","id":11,"roundInfos":{"name":"Individual2Rounds","roundInfos":[{"roundType":"Normal","outLimitType":"Normal","outLimit":30,"useOrdRank":[false,false,false,false],"disableJudgesMarks":false,"has95Rule":true,"reversedBibs":false,"reassignBibs":false,"gateCompensation":true,"windCompensation":true},{"roundType":"Normal","outLimitType":"None","outLimit":-1,"useOrdRank":[false,false,false,false],"disableJudgesMarks":false,"has95Rule":true,"reversedBibs":false,"reassignBibs":false,"gateCompensation":true,"windCompensation":true}]},"ordRankType":"Classification","ordRankId":0,"qualRankType":"Event","qualRankId":10,"inLimitType":"None","inLimit":0,"preQualRankType":"None","preQualRankId":0,"preQualLimitType":"None","preQualLimit":0},{"classifications":[0],"eventType":"Individual","hillId":"Willingen HS145","hillSurface":"Snow","id":12,"roundInfos":{"name":"Individual2Rounds","roundInfos":[{"roundType":"Normal","outLimitType":"Normal","outLimit":30,"useOrdRank":[false,false,false,false],"disableJudgesMarks":false,"has95Rule":true,"reversedBibs":false,"reassignBibs":false,"gateCompensation":true,"windCompensation":true},{"roundType":"Normal","outLimitType":"None","outLimit":-1,"useOrdRank":[false,false,false,false],"disableJudgesMarks":false,"has95Rule":true,"reversedBibs":false,"reassignBibs":false,"gateCompensation":true,"windCompensation":true}]},"ordRankType":"Classification","ordRankId":0,"qualRankType":"Event","qualRankId":10,"inLimitType":"None","inLimit":0,"preQualRankType":"None","preQualRankId":0,"preQualLimitType":"None","preQualLimit":0},{"classifications":[0],"eventType":"Individual","hillId":"Willingen HS145","hillSurface":"Snow","id":13,"roundInfos":{"name":"Individual2Rounds","roundInfos":[{"roundType":"Normal","outLimitType":"Normal","outLimit":30,"useOrdRank":[false,false,false,false],"disableJudgesMarks":false,"has95Rule":true,"reversedBibs":false,"reassignBibs":false,"gateCompensation":true,"windCompensation":true},{"roundType":"Normal","outLimitType":"None","outLimit":-1,"useOrdRank":[false,false,false,false],"disableJudgesMarks":false,"has95Rule":true,"reversedBibs":false,"reassignBibs":false,"gateCompensation":true,"windCompensation":true}]},"ordRankType":"Classification","ordRankId":0,"qualRankType":"Event","qualRankId":10,"inLimitType":"None","inLimit":0,"preQualRankType":"None","preQualRankId":0,"preQualLimitType":"None","preQualLimit":0},{"classifications":[0],"eventType":"Individual","hillId":"Willingen HS145","hillSurface":"Snow","id":14,"roundInfos":{"name":"Individual2Rounds","roundInfos":[{"roundType":"Normal","outLimitType":"Normal","outLimit":30,"useOrdRank":[false,false,false,false],"disableJudgesMarks":false,"has95Rule":true,"reversedBibs":false,"reassignBibs":false,"gateCompensation":true,"windCompensation":true},{"roundType":"Normal","outLimitType":"None","outLimit":-1,"useOrdRank":[false,false,false,false],"disableJudgesMarks":false,"has95Rule":true,"reversedBibs":false,"reassignBibs":false,"gateCompensation":true,"windCompensation":true}]},"ordRankType":"Classification","ordRankId":0,"qualRankType":"Event","qualRankId":10,"inLimitType":"None","inLimit":0,"preQualRankType":"None","preQualRankId":0,"preQualLimitType":"None","preQualLimit":0},{"classifications":[],"eventType":"Individual","hillId":"Klingenthal HS140","hillSurface":"Snow","id":15,"roundInfos":{"name":"Qualification","roundInfos":[{"roundType":"Normal","outLimitType":"Normal","outLimit":50,"useOrdRank":[false,false,false,false],"disableJudgesMarks":false,"has95Rule":true,"reversedBibs":false,"reassignBibs":false,"gateCompensation":true,"windCompensation":true}]},"ordRankType":"Classification","ordRankId":0,"qualRankType":"None","qualRankId":0,"inLimitType":"None","inLimit":0,"preQualRankType":"None","preQualRankId":0,"preQualLimitType":"None","preQualLimit":0},{"classifications":[0],"eventType":"Individual","hillId":"Klingenthal HS140","hillSurface":"Snow","id":16,"roundInfos":{"name":"Individual2Rounds","roundInfos":[{"roundType":"Normal","outLimitType":"Normal","outLimit":30,"useOrdRank":[false,false,false,false],"disableJudgesMarks":false,"has95Rule":true,"reversedBibs":false,"reassignBibs":false,"gateCompensation":true,"windCompensation":true},{"roundType":"Normal","outLimitType":"None","outLimit":-1,"useOrdRank":[false,false,false,false],"disableJudgesMarks":false,"has95Rule":true,"reversedBibs":false,"reassignBibs":false,"gateCompensation":true,"windCompensation":true}]},"ordRankType":"Classification","ordRankId":0,"qualRankType":"Event","qualRankId":15,"inLimitType":"None","inLimit":0,"preQualRankType":"None","preQualRankId":0,"preQualLimitType":"None","preQualLimit":0},{"classifications":[0],"eventType":"Individual","hillId":"Klingenthal HS140","hillSurface":"Snow","id":17,"roundInfos":{"name":"Individual2Rounds","roundInfos":[{"roundType":"Normal","outLimitType":"Normal","outLimit":30,"useOrdRank":[false,false,false,false],"disableJudgesMarks":false,"has95Rule":true,"reversedBibs":false,"reassignBibs":false,"gateCompensation":true,"windCompensation":true},{"roundType":"Normal","outLimitType":"None","outLimit":-1,"useOrdRank":[false,false,false,false],"disableJudgesMarks":false,"has95Rule":true,"reversedBibs":false,"reassignBibs":false,"gateCompensation":true,"windCompensation":true}]},"ordRankType":"Classification","ordRankId":0,"qualRankType":"Event","qualRankId":15,"inLimitType":"None","inLimit":0,"preQualRankType":"None","preQualRankId":0,"preQualLimitType":"None","preQualLimit":0},{"classifications":[],"eventType":"Individual","hillId":"Brotterode HS117","hillSurface":"Snow","id":18,"roundInfos":{"name":"Qualification","roundInfos":[{"roundType":"Normal","outLimitType":"Normal","outLimit":50,"useOrdRank":[false,false,false,false],"disableJudgesMarks":false,"has95Rule":true,"reversedBibs":false,"reassignBibs":false,"gateCompensation":true,"windCompensation":true}]},"ordRankType":"Classification","ordRankId":0,"qualRankType":"None","qualRankId":0,"inLimitType":"None","inLimit":0,"preQualRankType":"None","preQualRankId":0,"preQualLimitType":"None","preQualLimit":0},{"classifications":[0],"eventType":"Individual","hillId":"Brotterode HS117","hillSurface":"Snow","id":19,"roundInfos":{"name":"Individual2Rounds","roundInfos":[{"roundType":"Normal","outLimitType":"Normal","outLimit":30,"useOrdRank":[false,false,false,false],"disableJudgesMarks":false,"has95Rule":true,"reversedBibs":false,"reassignBibs":false,"gateCompensation":true,"windCompensation":true},{"roundType":"Normal","outLimitType":"None","outLimit":-1,"useOrdRank":[false,false,false,false],"disableJudgesMarks":false,"has95Rule":true,"reversedBibs":false,"reassignBibs":false,"gateCompensation":true,"windCompensation":true}]},"ordRankType":"Classification","ordRankId":0,"qualRankType":"Event","qualRankId":18,"inLimitType":"None","inLimit":0,"preQualRankType":"None","preQualRankId":0,"preQualLimitType":"None","preQualLimit":0},{"classifications":[0],"eventType":"Individual","hillId":"Brotterode HS117","hillSurface":"Snow","id":20,"roundInfos":{"name":"Individual2Rounds","roundInfos":[{"roundType":"Normal","outLimitType":"Normal","outLimit":30,"useOrdRank":[false,false,false,false],"disableJudgesMarks":false,"has95Rule":true,"reversedBibs":false,"reassignBibs":false,"gateCompensation":true,"windCompensation":true},{"roundType":"Normal","outLimitType":"None","outLimit":-1,"useOrdRank":[false,false,false,false],"disableJudgesMarks":false,"has95Rule":true,"reversedBibs":false,"reassignBibs":false,"gateCompensation":true,"windCompensation":true}]},"ordRankType":"Classification","ordRankId":0,"qualRankType":"Event","qualRankId":18,"inLimitType":"None","inLimit":0,"preQualRankType":"None","preQualRankId":0,"preQualLimitType":"None","preQualLimit":0},{"classifications":[],"eventType":"Individual","hillId":"Zakopane HS140","hillSurface":"Snow","id":21,"roundInfos":{"name":"Qualification","roundInfos":[{"roundType":"Normal","outLimitType":"Normal","outLimit":50,"useOrdRank":[false,false,false,false],"disableJudgesMarks":false,"has95Rule":true,"reversedBibs":false,"reassignBibs":false,"gateCompensation":true,"windCompensation":true}]},"ordRankType":"Classification","ordRankId":0,"qualRankType":"None","qualRankId":0,"inLimitType":"None","inLimit":0,"preQualRankType":"None","preQualRankId":0,"preQualLimitType":"None","preQualLimit":0},{"classifications":[0],"eventType":"Individual","hillId":"Zakopane HS140","hillSurface":"Snow","id":22,"roundInfos":{"name":"Individual2Rounds","roundInfos":[{"roundType":"Normal","outLimitType":"Normal","outLimit":30,"useOrdRank":[false,false,false,false],"disableJudgesMarks":false,"has95Rule":true,"reversedBibs":false,"reassignBibs":false,"gateCompensation":true,"windCompensation":true},{"roundType":"Normal","outLimitType":"None","outLimit":-1,"useOrdRank":[false,false,false,false],"disableJudgesMarks":false,"has95Rule":true,"reversedBibs":false,"reassignBibs":false,"gateCompensation":true,"windCompensation":true}]},"ordRankType":"Classification","ordRankId":0,"qualRankType":"Event","qualRankId":21,"inLimitType":"None","inLimit":0,"preQualRankType":"None","preQualRankId":0,"preQualLimitType":"None","preQualLimit":0},{"classifications":[0],"eventType":"Individual","hillId":"Zakopane HS140","hillSurface":"Snow","id":23,"roundInfos":{"name":"Individual2Rounds","roundInfos":[{"roundType":"Normal","outLimitType":"Normal","outLimit":30,"useOrdRank":[false,false,false,false],"disableJudgesMarks":false,"has95Rule":true,"reversedBibs":false,"reassignBibs":false,"gateCompensation":true,"windCompensation":true},{"roundType":"Normal","outLimitType":"None","outLimit":-1,"useOrdRank":[false,false,false,false],"disableJudgesMarks":false,"has95Rule":true,"reversedBibs":false,"reassignBibs":false,"gateCompensation":true,"windCompensation":true}]},"ordRankType":"Classification","ordRankId":0,"qualRankType":"Event","qualRankId":21,"inLimitType":"None","inLimit":0,"preQualRankType":"None","preQualRankId":0,"preQualLimitType":"None","preQualLimit":0},{"classifications":[],"eventType":"Individual","hillId":"Chaikovsky HS140","hillSurface":"Snow","id":24,"roundInfos":{"name":"Qualification","roundInfos":[{"roundType":"Normal","outLimitType":"Normal","outLimit":50,"useOrdRank":[false,false,false,false],"disableJudgesMarks":false,"has95Rule":true,"reversedBibs":false,"reassignBibs":false,"gateCompensation":true,"windCompensation":true}]},"ordRankType":"Classification","ordRankId":0,"qualRankType":"None","qualRankId":0,"inLimitType":"None","inLimit":0,"preQualRankType":"None","preQualRankId":0,"preQualLimitType":"None","preQualLimit":0},{"classifications":[0],"eventType":"Individual","hillId":"Chaikovsky HS140","hillSurface":"Snow","id":25,"roundInfos":{"name":"Individual2Rounds","roundInfos":[{"roundType":"Normal","outLimitType":"Normal","outLimit":30,"useOrdRank":[false,false,false,false],"disableJudgesMarks":false,"has95Rule":true,"reversedBibs":false,"reassignBibs":false,"gateCompensation":true,"windCompensation":true},{"roundType":"Normal","outLimitType":"None","outLimit":-1,"useOrdRank":[false,false,false,false],"disableJudgesMarks":false,"has95Rule":true,"reversedBibs":false,"reassignBibs":false,"gateCompensation":true,"windCompensation":true}]},"ordRankType":"Classification","ordRankId":0,"qualRankType":"Event","qualRankId":24,"inLimitType":"None","inLimit":0,"preQualRankType":"None","preQualRankId":0,"preQualLimitType":"None","preQualLimit":0},{"classifications":[0],"eventType":"Individual","hillId":"Chaikovsky HS140","hillSurface":"Snow","id":26,"roundInfos":{"name":"Individual2Rounds","roundInfos":[{"roundType":"Normal","outLimitType":"Normal","outLimit":30,"useOrdRank":[false,false,false,false],"disableJudgesMarks":false,"has95Rule":true,"reversedBibs":false,"reassignBibs":false,"gateCompensation":true,"windCompensation":true},{"roundType":"Normal","outLimitType":"None","outLimit":-1,"useOrdRank":[false,false,false,false],"disableJudgesMarks":false,"has95Rule":true,"reversedBibs":false,"reassignBibs":false,"gateCompensation":true,"windCompensation":true}]},"ordRankType":"Classification","ordRankId":0,"qualRankType":"Event","qualRankId":24,"inLimitType":"None","inLimit":0,"preQualRankType":"None","preQualRankId":0,"preQualLimitType":"None","preQualLimit":0}]}]