{
  "name": "Zhangjiakou HS140",
  "terrainSteepness": 0.5,
  "type": 2,
  "gates": 42,
  "w": 125.0,
  "hS": 140.0,
  "h": 62.8,
  "n": 107.36,
  "gamma": 35,
  "alpha": 11,
  "e": 105.21,
  "es": 25.5,
  "t": 6.98,
  "r1": 105,
  "beta0": 7,
  "betaP": 37.1,
  "betaK": 34.1,
  "betaL": 31.47,
  "s": 3.13,
  "l1": 16.23,
  "l2": 14.22,
  "rL": 310.0,
  "r2L": 155.0,
  "r2": 88.0,
  "a": 85,
  "rA": 0.0,
  "betaA": 0.0,
  "b1": 2.5,
  "b2": 10.0,
  "bK": 25.5,
  "bU": 27.5,
  "d": 100,
  "q": 62.5,
  "gateStairsLeft": true,
  "gateStairsRight": true,
  "inrunStairsLeft": true,
  "inrunStairsRight": true,
  "inrunStairsAngle": 0.001,
  "inrunData": {
    "summerTrack": "SingleTrackGray",
    "winterTrack": "SnowTrack"
  },
  "landingAreaData": {
    "metersLow": 50,
    "metersHigh": 120,
    "summerLinesSpacing": 0,
    "summerLinesLow": 0,
    "summerLinesHigh": 0,
    "winterLinesSpacing": 5,
    "winterLinesLow": 60,
    "winterLinesHigh": 120
  }
}