{
  "name": "Bad Freienwalde HS44",
  "terrainSteepness": 0.49,
  "type": 0,
  "gates": 15,
  "w": 42.0,
  "hS": 44.0,
  "h": 18.24,
  "n": 37.32,
  "gamma": 35,
  "alpha": 9.0,
  "e": 39.9,
  "es": 4.3,
  "t": 7.4,
  "r1": 44.5,
  "beta0": 4.0,
  "betaP": 37.0,
  "betaK": 35.0,
  "betaL": 33.0,
  "s": 1.13,
  "l1": 2.0,
  "l2": 2.0,
  "rL": 0.0,
  "r2L": 0.0,
  "r2": 72.2,
  "a": 86.0,
  "rA": 0.0,
  "betaA": 0.0,
  "b1": 2.0,
  "b2": 10.0,
  "bK": 25.0,
  "bU": 30.0,
  "d": 0.0,
  "q": 0.0,
  "gateStairsLeft": false,
  "gateStairsRight": false,
  "inrunStairsLeft": false,
  "inrunStairsRight": false,
  "inrunStairsAngle": 0.001,
  "inrunData": {
    "summerTrack": "SingleTrackGray",
    "winterTrack": "SingleTrackGray"
  },
  "landingAreaData": {
    "metersLow": 0,
    "metersHigh": 0,
    "summerLinesSpacing": 0,
    "summerLinesLow": 0,
    "summerLinesHigh": 0,
    "winterLinesSpacing": 0,
    "winterLinesLow": 0,
    "winterLinesHigh": 0
  }
}