{
  "name": "Bad Freienwalde HS66",
  "terrainSteepness": 0.5,
  "type": 0,
  "gates": 20,
  "w": 60.0,
  "hS": 66.0,
  "h": 26.7,
  "n": 53.4,
  "gamma": 35,
  "alpha": 10.0,
  "e": 68.5,
  "es": 17.50,
  "t": 5.69,
  "r1": 72.53,
  "beta0": 4.0,
  "betaP": 34.0,
  "betaK": 32.0,
  "betaL": 30.0,
  "s": 1.50,
  "l1": 6.0,
  "l2": 6.0,
  "rL": 0.0,
  "r2L": 0.0,
  "r2": 75.0,
  "a": 100.0,
  "rA": 0.0,
  "betaA": 0.0,
  "b1": 2.0,
  "b2": 10.0,
  "bK": 25.0,
  "bU": 30.0,
  "d": 0.0,
  "q": 0.0,
  "gateStairsLeft": true,
  "gateStairsRight": false,
  "inrunStairsLeft": true,
  "inrunStairsRight": true,
  "inrunStairsAngle": 0.001,
  "inrunData": {
    "summerTrack": "SingleTrackGray",
    "winterTrack": "SingleTrackGray"
  },
  "landingAreaData": {
    "metersLow": 0,
    "metersHigh": 0,
    "summerLinesSpacing": 0,
    "summerLinesLow": 0,
    "summerLinesHigh": 0,
    "winterLinesSpacing": 0,
    "winterLinesLow": 0,
    "winterLinesHigh": 0
  }
}