{
    "name": "Bystra HS31",
    "terrainSteepness": 0.7,
    "type": 1,
    "gates": 12,
    "w": 29.0,
    "hS": 31.0,
    "h": 12.14,
    "n": 26.11,
    "gamma": 32.0,
    "alpha": 8.0,
    "e": 42.17,
    "es": 12.97,
    "t": 4.39,
    "r1": 43.23,
    "beta0": 5.516667,
    "betaP": 33.1,
    "betaK": 31.3,
    "betaL": 26.5,
    "s": 0.72,
    "l1": 1.57,
    "l2": 5.73,
    "rL": 50.0,
    "r2L": 50.0,
    "r2": 50.0,
    "a": 45.0,
    "rA": 0.0,
    "betaA": 0.0,
    "b1": 1.8,
    "b2": 3.0,
    "bK": 6.0,
    "bU": 12.0,
    "d": 0.0,
    "q": 0.0,
    "gateStairsLeft": false,
    "gateStairsRight": true,
    "inrunStairsLeft": false,
    "inrunStairsRight": false,
    "inrunStairsAngle": 0.1,
    "inrunData": {
      "summerTrack": "SingleTrackGreen",
      "winterTrack": "SingleTrackGreen"
    },
    "landingAreaData": {
      "metersLow": 0,
      "metersHigh": 0,
      "summerLinesSpacing": 0,
      "summerLinesLow": 0,
      "summerLinesHigh": 0,
      "winterLinesSpacing": 0,
      "winterLinesLow": 0,
      "winterLinesHigh": 0
    }
  }