{
  "name": "Eisenerz HS70",
  "terrainSteepness": 0.519,
  "type": 1,
  "gates": 22,
  "w": 64.0,
  "hS": 70.0,
  "h": 29.11,
  "n": 56.08,
  "gamma": 35,
  "alpha": 9.5,
  "e": 61.2,
  "es": 12.8,
  "t": 5.9,
  "r1": 77.5,
  "beta0": 8.0,
  "betaP": 36,
  "betaK": 34,
  "betaL": 31,
  "s": 1.60,
  "l1": 4.19,
  "l2": 6.3,
  "rL": 120,
  "r2L": 0.0,
  "r2": 90,
  "a": 85.0,
  "rA": 0.0,
  "betaA": 0.0,
  "b1": 2.1,
  "b2": 7.0,
  "bK": 12.9,
  "bU": 17.0,
  "d": 0.0,
  "q": 0.0,
  "gateStairsLeft": true,
  "gateStairsRight": false,
  "inrunStairsLeft": false,
  "inrunStairsRight": true,
  "inrunStairsAngle": 0.001,
  "inrunData": {
    "summerTrack": "SingleTrackGray",
    "winterTrack": "SingleTrackGray"
  },
  "landingAreaData": {
    "metersLow": 0,
    "metersHigh": 0,
    "summerLinesSpacing": 0,
    "summerLinesLow": 0,
    "summerLinesHigh": 0,
    "winterLinesSpacing": 0,
    "winterLinesLow": 0,
    "winterLinesHigh": 0
  }
}