{
    "name": "Innsbruck HS128",
    "terrainSteepness": 0.0,
    "type": 1,
    "gates": 28,
    "w": 120.0,
    "hS": 128.0,
    "h": 59.8293,
    "n": 103.33213,
    "gamma": 35.0,
    "alpha": 10.75,
    "e": 90.7,
    "es": 17.7,
    "t": 6.5,
    "r1": 100.0,
    "beta0": 6.16666651,
    "betaP": 37.0,
    "betaK": 34.3,
    "betaL": 32.0,
    "s": 3.08,
    "l1": 11.13,
    "l2": 10.0,
    "rL": 240.0,
    "r2L": 100.0,
    "r2": 100.0,
    "a": 100.0,
    "rA": 0.0,
    "betaA": 0.0,
    "b1": 2.0,
    "b2": 10.0,
    "bK": 25.0,
    "bU": 30.0,
    "d": 0.0,
    "q": 0.0,
    "gateStairsLeft": false,
    "gateStairsRight": true,
    "inrunStairsLeft": true,
    "inrunStairsRight": true,
    "inrunStairsAngle": 0.001,
    "inrunData": {
      "summerTrack": "SingleTrackGray",
      "winterTrack": "SingleTrackGray"
    },
    "landingAreaData": {
      "metersLow": 0,
      "metersHigh": 0,
      "summerLinesSpacing": 0,
      "summerLinesLow": 0,
      "summerLinesHigh": 0,
      "winterLinesSpacing": 0,
      "winterLinesLow": 0,
      "winterLinesHigh": 0
    }
  }