{
  "name": "Lomnice nad Popelkou HS77",
  "terrainSteepness": 0.5125,
  "type": 1,
  "gates": 14,
  "w": 70.0,
  "hS": 77.0,
  "h": 30.75,
  "n": 60,
  "gamma": 35,
  "alpha": 10,
  "e": 59.5,
  "es": 11.6,
  "t": 5,
  "r1": 65,
  "beta0": 6.5,
  "betaP": 36,
  "betaK": 34,
  "betaL": 32,
  "s": 1.25,
  "l1": 12,
  "l2": 11,
  "rL": 360,
  "r2L": 0.0,
  "r2": 75,
  "a": 95.0,
  "rA": 0.0,
  "betaA": 0.0,
  "b1": 2.0,
  "b2": 10.0,
  "bK": 25.0,
  "bU": 30.0,
  "d": 0.0,
  "q": 0.0,
  "gateStairsLeft": true,
  "gateStairsRight": true,
  "inrunStairsLeft": true,
  "inrunStairsRight": true,
  "inrunStairsAngle": 0.001,
  "inrunData": {
    "summerTrack": "SingleTrackGreen",
    "winterTrack": "SingleTrackGreen"
  },
  "landingAreaData": {
    "metersLow": 0,
    "metersHigh": 0,
    "summerLinesSpacing": 0,
    "summerLinesLow": 0,
    "summerLinesHigh": 0,
    "winterLinesSpacing": 0,
    "winterLinesLow": 0,
    "winterLinesHigh": 0
  }
}