{
  "name": "Planica 2010 HS215",
  "terrainSteepness": 0.6,
  "type": 1,
  "gates": 31,
  "w": 185.0,
  "hS": 215.0,
  "h": 94.98,
  "n": 157.80,
  "gamma": 38.5,
  "alpha": 11.5,
  "e": 124.0,
  "es": 25.0,
  "t": 8.50,
  "r1": 100.32,
  "beta0": 11.5,
  "betaP": 38.0,
  "betaK": 34.6,
  "betaL": 30.0,
  "s": 2.0,
  "l1": 17.0,
  "l2": 30.0,
  "rL": 286.0,
  "r2L": 0.0,
  "r2": 130.0,
  "a": 100.0,
  "rA": 0.0,
  "betaA": 0.0,
  "b1": 3.1,
  "b2": 14.3,
  "bK": 36.09,
  "bU": 39.97,
  "d": 115.66,
  "q": 30.01,
  "gateStairsLeft": true,
  "gateStairsRight": false,
  "inrunStairsLeft": true,
  "inrunStairsRight": true,
  "inrunStairsAngle": 0.001,
  "inrunData": {
    "summerTrack": "SnowTrack",
    "winterTrack": "SnowTrack"
  },
  "landingAreaData": {
    "metersLow": 0,
    "metersHigh": 0,
    "summerLinesSpacing": 0,
    "summerLinesLow": 0,
    "summerLinesHigh": 0,
    "winterLinesSpacing": 0,
    "winterLinesLow": 0,
    "winterLinesHigh": 0
  }
}