{
  "name": "Ramsau am Dachstein HS98",
  "terrainSteepness": 0.551,
  "type": 0,
  "gates": 34,
  "w": 90.0,
  "hS": 98.0,
  "h": 43.22,
  "n": 78.43,
  "gamma": 35,
  "alpha": 11,
  "e": 80.37,
  "es": 18.9,
  "t": 6.7,
  "r1": 84,
  "beta0": 6,
  "betaP": 36,
  "betaK": 34,
  "betaL": 32,
  "s": 3,
  "l1": 20,
  "l2": 0,
  "rL": 0,
  "r2L": 0,
  "r2": 55,
  "a": 100.0,
  "rA": 0.0,
  "betaA": 0.0,
  "b1": 2.0,
  "b2": 10.0,
  "bK": 25.0,
  "bU": 30.0,
  "d": 0.0,
  "q": 0.0,
  "gateStairsLeft": true,
  "gateStairsRight": false,
  "inrunStairsLeft": false,
  "inrunStairsRight": false,
  "inrunStairsAngle": 0.001,
  "inrunData": {
    "summerTrack": "SingleTrackGreen",
    "winterTrack": "SingleTrackGreen"
  },
  "landingAreaData": {
    "metersLow": 0,
    "metersHigh": 0,
    "summerLinesSpacing": 0,
    "summerLinesLow": 0,
    "summerLinesHigh": 0,
    "winterLinesSpacing": 0,
    "winterLinesLow": 0,
    "winterLinesHigh": 0
  }
}