{
  "name": "Rastbuchl HS78",
  "terrainSteepness": 0.519,
  "type": 1,
  "gates": 18,
  "w": 74.0,
  "hS": 78.0,
  "h": 34.15,
  "n": 65.69,
  "gamma": 30,
  "alpha": 10,
  "e": 78.1,
  "es": 18,
  "t": 6,
  "r1": 75,
  "beta0": 11,
  "betaP": 35.5,
  "betaK": 33,
  "betaL": 31,
  "s": 1.9,
  "l1": 17,
  "l2": 4,
  "rL": 200,
  "r2L": 0.0,
  "r2": 80,
  "a": 100.0,
  "rA": 0.0,
  "betaA": 0.0,
  "b1": 2.0,
  "b2": 10.0,
  "bK": 25.0,
  "bU": 30.0,
  "d": 0.0,
  "q": 0.0,
  "gateStairsLeft": false,
  "gateStairsRight": true,
  "inrunStairsLeft": false,
  "inrunStairsRight": false,
  "inrunStairsAngle": 0.001,
  "inrunData": {
    "summerTrack": "SingleTrackGreen",
    "winterTrack": "SingleTrackGreen"
  },
  "landingAreaData": {
    "metersLow": 0,
    "metersHigh": 0,
    "summerLinesSpacing": 0,
    "summerLinesLow": 0,
    "summerLinesHigh": 0,
    "winterLinesSpacing": 0,
    "winterLinesLow": 0,
    "winterLinesHigh": 0
  }
}