{
    "name": "Sarajevo K112",
    "terrainSteepness": 0.5214286,
    "type": 0,
    "gates": 33,
    "w": 112.0,
    "hS": 0.0,
    "h": 54.58,
    "n": 91.45,
    "gamma": 35.0,
    "alpha": 10.5,
    "e": 93.0,
    "es": 29.5,
    "t": 6.54,
    "r1": 95.0,
    "beta0": 5.83333349,
    "betaP": 35.5,
    "betaK": 34.5,
    "betaL": 32.0,
    "s": 2.13,
    "l1": 17.0,
    "l2": 0.0,
    "rL": 124.0,
    "r2L": 122.0,
    "r2": 92.0,
    "a": 100.0,
    "rA": 0.0,
    "betaA": 0.0,
    "b1": 2.5,
    "b2": 10.0,
    "bK": 20.0,
    "bU": 25.0,
    "d": 0.0,
    "q": 0.0,
    "gateStairsLeft": true,
    "gateStairsRight": true,
    "inrunStairsLeft": true,
    "inrunStairsRight": true,
    "inrunStairsAngle": 0.001,
    "inrunData": {
      "summerTrack": "SingleTrackGreen",
      "winterTrack": "SnowTrack"
    },
    "landingAreaData": {
      "metersLow": 50,
      "metersHigh": 120,
      "summerLinesSpacing": 0,
      "summerLinesLow": 0,
      "summerLinesHigh": 0,
      "winterLinesSpacing": 5,
      "winterLinesLow": 60,
      "winterLinesHigh": 120
    }
  }