{
  "name": "Sarajevo K90",
  "terrainSteepness": 0.5214286,
  "type": 0,
  "gates": 32,
  "w": 90.0,
  "hS": 0.0,
  "h": 49.42,
  "n": 85.47,
  "gamma": 34.5,
  "alpha": 10.2,
  "e": 83.0,
  "es": 26.4,
  "t": 6.0,
  "r1": 89.5,
  "beta0": 5.83333349,
  "betaP": 35.8,
  "betaK": 34.6,
  "betaL": 31.0,
  "s": 2.1,
  "l1": 10.0,
  "l2": 0.0,
  "rL": 119.0,
  "r2L": 119.0,
  "r2": 91.3,
  "a": 100.0,
  "rA": 0.0,
  "betaA": 0.0,
  "b1": 2.5,
  "b2": 10.0,
  "bK": 20.0,
  "bU": 25.0,
  "d": 0.0,
  "q": 0.0,
  "gateStairsLeft": true,
  "gateStairsRight": true,
  "inrunStairsLeft": true,
  "inrunStairsRight": true,
  "inrunStairsAngle": 0.001,
  "inrunData": {
    "summerTrack": "SingleTrackGreen",
    "winterTrack": "SnowTrack"
  },
  "landingAreaData": {
    "metersLow": 50,
    "metersHigh": 120,
    "summerLinesSpacing": 0,
    "summerLinesLow": 0,
    "summerLinesHigh": 0,
    "winterLinesSpacing": 5,
    "winterLinesLow": 60,
    "winterLinesHigh": 120
  }
}