{
    "name": "Steamboat Springs HS100",
    "terrainSteepness": 0.56,
    "type": 1,
    "gates": 24,
    "w": 90.0,
    "hS": 100.0,
    "h": 43.9,
    "n": 78.3,
    "gamma": 34,
    "alpha": 10.5,
    "e": 78,
    "es": 18,
    "t": 5.5,
    "r1": 80,
    "beta0": 9,
    "betaP": 37.25,
    "betaK": 34.5,
    "betaL": 31.84,
    "s": 2.2,
    "l1": 15,
    "l2": 10.5,
    "rL": 193.72,
    "r2L": 0,
    "r2": 104,
    "a": 100.0,
    "rA": 0.0,
    "betaA": 0.0,
    "b1": 2.0,
    "b2": 10.0,
    "bK": 25.0,
    "bU": 30.0,
    "d": 0.0,
    "q": 0.0,
    "gateStairsLeft": false,
    "gateStairsRight": true,
    "inrunStairsLeft": false,
    "inrunStairsRight": false,
    "inrunStairsAngle": 0.001,
    "inrunData": {
      "summerTrack": "SingleTrackGreen",
      "winterTrack": "SingleTrackGreen"
    },
    "landingAreaData": {
      "metersLow": 0,
      "metersHigh": 0,
      "summerLinesSpacing": 0,
      "summerLinesLow": 0,
      "summerLinesHigh": 0,
      "winterLinesSpacing": 0,
      "winterLinesLow": 0,
      "winterLinesHigh": 0
    }
  }