{
    "name": "Westby HS118",
    "terrainSteepness": 0.57,
    "type": 1,
    "gates": 20,
    "w": 108.0,
    "hS": 118.0,
    "h": 53.36,
    "n": 93.28,
    "gamma": 35.0,
    "alpha": 10.5,
    "e": 84.81,
    "es": 16.55,
    "t": 6.41,
    "r1": 92.12,
    "beta0": 9.5,
    "betaP": 37.4,
    "betaK": 34.9,
    "betaL": 32.16,
    "s": 2.65,
    "l1": 12.86,
    "l2": 14.11,
    "rL": 294.63,
    "r2L": 0,
    "r2": 98,
    "a": 100.0,
    "rA": 0.0,
    "betaA": 0.0,
    "b1": 2.0,
    "b2": 10.0,
    "bK": 25.0,
    "bU": 30.0,
    "d": 0.0,
    "q": 0.0,
    "gateStairsLeft": true,
    "gateStairsRight": false,
    "inrunStairsLeft": true,
    "inrunStairsRight": true,
    "inrunStairsAngle": 0.001,
    "inrunData": {
      "summerTrack": "SnowTrack",
      "winterTrack": "SnowTrack"
    },
    "landingAreaData": {
      "metersLow": 0,
      "metersHigh": 0,
      "summerLinesSpacing": 0,
      "summerLinesLow": 0,
      "summerLinesHigh": 0,
      "winterLinesSpacing": 0,
      "winterLinesLow": 0,
      "winterLinesHigh": 0
    }
  }