{
  "name": "Zagórz HS45",
  "terrainSteepness": 0.462,
  "type": 1,
  "gates": 16,
  "w": 40.0,
  "hS": 45.0,
  "h": 16.6,
  "n": 35.9,
  "gamma": 31.7,
  "alpha": 8,
  "e": 44.2,
  "es": 7,
  "t": 3.4,
  "r1": 49.6,
  "beta0": 6.9,
  "betaP": 33.7,
  "betaK": 32.5,
  "betaL": 30.2,
  "s": 0.8,
  "l1": 4,
  "l2": 4,
  "rL": 67.4,
  "r2L": 0,
  "r2": 67.4,
  "a": 56.0,
  "rA": 0.0,
  "betaA": 0.0,
  "b1": 2.0,
  "b2": 10.0,
  "bK": 25.0,
  "bU": 30.0,
  "d": 0.0,
  "q": 0.0,
  "gateStairsLeft": true,
  "gateStairsRight": false,
  "inrunStairsLeft": false,
  "inrunStairsRight": false,
  "inrunStairsAngle": 0.001,
  "inrunData": {
    "summerTrack": "SingleTrackGray",
    "winterTrack": "SingleTrackGray"
  },
  "landingAreaData": {
    "metersLow": 0,
    "metersHigh": 0,
    "summerLinesSpacing": 0,
    "summerLinesLow": 0,
    "summerLinesHigh": 0,
    "winterLinesSpacing": 0,
    "winterLinesLow": 0,
    "winterLinesHigh": 0
  }
}