{
    "name": "Zhangjiakou HS106",
    "terrainSteepness": 0.5,
    "type": 2,
    "gates": 41,
    "w": 95.0,
    "hS": 106.0,
    "h": 44.98,
    "n": 83.14,
    "gamma": 35,
    "alpha": 11,
    "e": 93.5,
    "es": 25,
    "t": 6.5,
    "r1": 95,
    "beta0": 7,
    "betaP": 37.1,
    "betaK": 34.1,
    "betaL": 31.39,
    "s": 2.37,
    "l1": 11.51,
    "l2": 10.42,
    "rL": 220.0,
    "r2L": 155.0,
    "r2": 88.0,
    "a": 81,
    "rA": 0.0,
    "betaA": 0.0,
    "b1": 2.5,
    "b2": 10.0,
    "bK": 19.0,
    "bU": 21.0,
    "d": 76,
    "q": 47.5,
    "gateStairsLeft": true,
    "gateStairsRight": true,
    "inrunStairsLeft": true,
    "inrunStairsRight": true,
    "inrunStairsAngle": 0.001,
    "inrunData": {
      "summerTrack": "SingleTrackGray",
      "winterTrack": "SnowTrack"
    },
    "landingAreaData": {
      "metersLow": 60,
      "metersHigh": 110,
      "summerLinesSpacing": 0,
      "summerLinesLow": 0,
      "summerLinesHigh": 0,
      "winterLinesSpacing": 5,
      "winterLinesLow": 60,
      "winterLinesHigh": 110
    }
  }